,months_as_customer,policy_deductable,umbrella_limit,capital-gains,capital-loss,incident_hour_of_the_day,number_of_vehicles_involved,bodily_injuries,witnesses,injury_claim,property_claim,vehicle_claim,policy_csl,insured_sex,insured_education_level,incident_severity,property_damage,police_report_available,insured_occupation_armed-forces,insured_occupation_craft-repair,insured_occupation_exec-managerial,insured_occupation_farming-fishing,insured_occupation_handlers-cleaners,insured_occupation_machine-op-inspct,insured_occupation_other-service,insured_occupation_priv-house-serv,insured_occupation_prof-specialty,insured_occupation_protective-serv,insured_occupation_sales,insured_occupation_tech-support,insured_occupation_transport-moving,insured_relationship_not-in-family,insured_relationship_other-relative,insured_relationship_own-child,insured_relationship_unmarried,insured_relationship_wife,incident_type_Parked Car,incident_type_Single Vehicle Collision,incident_type_Vehicle Theft,collision_type_Rear Collision,collision_type_Side Collision,authorities_contacted_Fire,authorities_contacted_None,authorities_contacted_Other,authorities_contacted_Police
82,78,1000,6000000,0,0,3,1,2,2,750,1500,5250,2.5,0,5,2,1,0,0,0,0,0,0,0,1,0,0,0,0,0,0,0,1,0,0,0,0,0,1,1,0,0,0,0,1
991,257,1000,0,59400,-32200,21,1,0,1,0,5220,41760,1.0,0,6,4,0,0,0,0,0,0,0,0,1,0,0,0,0,0,0,0,1,0,0,0,0,1,0,1,0,0,0,1,0
789,169,500,0,0,-57600,0,1,0,0,7740,3870,27090,1.0,1,4,2,0,1,0,0,0,0,0,0,0,0,0,0,1,0,0,1,0,0,0,0,0,1,0,1,0,1,0,0,0
894,45,500,0,0,0,6,1,1,3,1000,1000,4000,1.0,0,6,2,0,0,0,0,0,0,0,0,0,1,0,0,0,0,0,1,0,0,0,0,1,0,0,1,0,0,1,0,0
398,6,500,0,0,-47400,7,1,0,1,580,290,2320,2.5,1,1,1,0,1,0,0,0,0,0,0,0,0,1,0,0,0,0,0,0,0,1,0,0,0,1,1,0,0,0,0,1
323,350,500,0,0,0,14,3,0,2,9820,4910,29460,5.0,1,5,4,0,0,0,0,0,0,0,0,0,1,0,0,0,0,0,0,1,0,0,0,0,0,0,1,0,0,0,0,1
519,253,500,7000000,46300,-33000,9,1,0,1,640,640,2560,5.0,1,2,1,0,0,0,0,0,0,0,0,0,0,0,0,0,1,0,0,0,0,1,0,0,0,1,1,0,0,0,0,1
916,186,500,0,70300,-70900,7,1,1,1,400,400,2800,1.0,0,1,1,0,1,0,0,0,0,0,0,0,0,0,0,0,0,0,0,0,0,0,0,0,0,1,1,0,0,1,0,0
922,55,500,8000000,0,0,9,1,0,3,560,560,1960,5.0,0,6,2,0,0,0,0,0,0,0,0,0,1,0,0,0,0,0,0,0,0,0,1,0,0,1,1,0,0,0,0,1
5,256,1000,0,0,0,19,3,0,2,6410,6410,51280,2.5,1,7,3,0,0,0,0,0,0,0,0,0,0,0,0,0,1,0,0,0,0,1,0,0,0,0,1,0,1,0,0,0
731,219,1000,0,51300,0,1,1,2,2,6060,6060,54540,1.0,1,1,3,0,1,0,0,0,0,0,0,0,0,0,0,0,0,1,0,1,0,0,0,0,1,0,0,1,0,0,0,0
465,33,1000,6000000,45500,-60600,16,1,2,1,8140,8140,65120,5.0,1,2,3,0,0,0,0,0,0,1,0,0,0,0,0,0,0,0,0,0,0,1,0,0,1,0,1,0,0,0,0,1
97,29,2000,0,0,-71700,4,4,1,2,7210,7210,50470,2.5,0,5,2,1,1,0,0,0,1,0,0,0,0,0,0,0,0,0,0,0,1,0,0,0,0,0,1,0,0,0,1,0
266,246,1000,0,34400,-33100,9,3,2,2,11840,5920,35520,2.5,0,4,3,0,0,0,0,0,0,0,1,0,0,0,0,0,0,0,0,0,0,0,1,0,0,0,0,1,1,0,0,0
357,110,1000,0,30400,0,20,3,0,2,10840,10840,43360,2.5,0,3,2,1,0,0,0,0,0,0,0,1,0,0,0,0,0,0,0,1,0,0,0,0,0,0,0,1,0,0,0,1
868,242,2000,6000000,0,-61600,15,3,1,2,6690,13380,46830,5.0,1,3,2,0,1,0,0,0,0,0,0,0,1,0,0,0,0,0,0,1,0,0,0,0,0,0,0,0,0,0,1,0
798,46,2000,4000000,46800,0,7,1,2,0,11320,5660,39620,2.5,1,1,3,0,0,1,0,0,0,0,0,0,0,0,0,0,0,0,0,0,0,1,0,0,1,0,0,1,1,0,0,0
380,265,2000,6000000,81800,0,18,3,1,3,4420,4420,35360,2.5,1,2,4,0,0,0,1,0,0,0,0,0,0,0,0,0,0,0,0,0,1,0,0,0,0,0,0,1,0,0,0,1
631,147,1000,6000000,0,-48400,2,2,1,2,9760,4880,39040,5.0,1,2,4,0,0,0,0,0,0,0,0,0,0,1,0,0,0,0,0,0,0,0,0,0,0,0,1,0,0,0,1,0
381,47,500,0,64800,-24300,23,1,1,3,11440,5720,45760,5.0,1,7,2,1,0,0,0,1,0,0,0,0,0,0,0,0,0,0,0,1,0,0,0,0,1,0,0,0,0,0,0,1
490,191,2000,0,45000,-30400,3,1,1,1,250,250,1750,5.0,0,1,2,1,0,1,0,0,0,0,0,0,0,0,0,0,0,0,0,0,0,1,0,0,0,1,1,0,0,1,0,0
118,164,2000,0,44300,0,4,1,1,3,18000,9000,63000,2.5,1,7,2,0,1,0,0,0,0,0,0,0,0,0,0,0,0,1,1,0,0,0,0,0,1,0,1,0,1,0,0,0
900,1,2000,0,61200,0,23,1,0,3,6940,6940,55520,2.5,0,2,4,1,0,0,0,0,0,0,0,0,0,0,0,1,0,0,0,0,0,0,0,0,1,0,0,1,0,0,1,0
250,117,500,0,47500,-32500,13,2,0,1,5040,10080,40320,2.5,1,2,4,1,0,0,0,0,0,0,0,0,0,0,0,0,0,1,0,0,0,1,0,0,0,0,1,0,1,0,0,0
523,85,1000,0,72400,-77000,9,3,2,1,5360,10720,42880,1.0,1,6,4,1,1,0,1,0,0,0,0,0,0,0,0,0,0,0,0,0,1,0,0,0,0,0,1,0,1,0,0,0
9,212,500,0,0,-39300,14,1,2,1,4700,4700,32900,1.0,0,7,4,0,0,0,0,0,0,0,0,0,1,0,0,0,0,0,0,0,0,0,1,0,1,0,1,0,0,0,1,0
196,196,2000,0,0,0,3,1,1,1,530,530,4240,2.5,0,6,1,0,0,1,0,0,0,0,0,0,0,0,0,0,0,0,0,0,1,0,0,0,0,1,1,0,0,0,0,1
603,70,1000,4000000,46000,0,19,1,2,3,0,550,3850,2.5,1,5,1,0,0,0,0,0,0,0,0,0,0,0,0,0,0,0,0,0,1,0,0,0,0,1,1,0,0,0,0,1
81,244,2000,5000000,0,0,10,1,2,1,660,1320,4620,5.0,1,5,1,0,0,0,0,1,0,0,0,0,0,0,0,0,0,0,0,0,0,0,1,0,0,1,1,0,0,1,0,0
783,122,500,0,0,-48700,1,1,0,1,460,920,3680,2.5,0,7,1,0,0,0,0,0,0,0,0,1,0,0,0,0,0,0,0,0,0,0,0,1,0,0,1,0,0,1,0,0
587,463,1000,0,51700,0,14,2,1,2,7240,14480,50680,2.5,1,4,3,0,0,0,0,1,0,0,0,0,0,0,0,0,0,0,1,0,0,0,0,0,0,0,0,0,0,0,1,0
797,136,1000,0,37900,0,23,1,0,1,3070,6140,21490,2.5,1,7,2,1,1,0,1,0,0,0,0,0,0,0,0,0,0,0,1,0,0,0,0,0,1,0,0,1,1,0,0,0
239,151,1000,0,54000,0,0,1,1,1,3530,3530,31770,5.0,1,5,2,1,0,0,0,0,1,0,0,0,0,0,0,0,0,0,0,0,1,0,0,0,1,0,0,0,1,0,0,0
290,284,500,-1000000,0,0,13,1,0,1,8560,17120,68480,1.0,0,2,3,1,0,0,0,0,0,0,1,0,0,0,0,0,0,0,0,0,0,0,1,0,1,0,0,1,0,0,0,0
211,210,2000,0,59900,0,9,1,1,2,1180,590,5310,5.0,0,1,1,0,0,0,0,0,0,0,0,0,1,0,0,0,0,0,1,0,0,0,0,0,0,1,1,0,0,1,0,0
717,38,500,4000000,78000,0,4,3,0,3,12480,12480,49920,5.0,0,5,2,0,1,0,0,0,0,0,0,0,1,0,0,0,0,0,0,1,0,0,0,0,0,0,0,1,0,0,0,0
359,292,500,0,0,0,12,1,1,0,6170,6170,49360,5.0,0,7,4,0,1,0,0,0,0,0,0,0,1,0,0,0,0,0,0,0,0,1,0,0,1,0,0,1,0,0,1,0
449,239,500,0,0,0,0,4,0,3,6990,13980,55920,1.0,1,5,3,0,0,0,0,0,0,0,0,1,0,0,0,0,0,0,0,0,0,0,0,0,0,0,1,0,0,0,0,0
227,343,1000,0,0,0,2,1,0,2,12990,4330,30310,5.0,1,2,3,0,0,0,0,0,0,0,0,0,0,1,0,0,0,0,1,0,0,0,0,0,1,0,0,0,0,0,1,0
950,101,500,6000000,30800,-43700,9,1,1,0,940,470,3760,5.0,1,3,2,0,0,0,0,0,0,0,0,0,0,0,0,0,0,1,0,0,0,1,0,1,0,0,1,0,0,1,0,0
946,31,2000,4000000,46800,-87300,10,1,2,0,5300,10600,47700,1.0,1,4,3,0,0,0,0,0,0,0,0,1,0,0,0,0,0,0,0,0,0,0,1,0,1,0,0,1,1,0,0,0
796,421,500,4000000,49500,-81100,7,1,2,3,16860,8430,67440,1.0,0,5,3,0,0,0,0,0,0,0,1,0,0,0,0,0,0,0,0,0,1,0,0,0,1,0,1,0,0,0,0,0
501,26,1000,0,0,-53700,0,1,0,2,9960,4980,34860,2.5,0,5,3,0,0,0,0,0,0,0,0,0,0,0,0,0,1,0,0,0,0,0,0,0,1,0,0,1,0,0,0,1
464,43,1000,0,64400,0,1,3,2,2,6850,6850,47950,5.0,0,7,4,1,0,0,0,0,0,1,0,0,0,0,0,0,0,0,0,1,0,0,0,0,0,0,0,0,0,0,1,0
362,150,1000,0,0,0,8,1,0,2,450,450,3600,1.0,0,6,1,1,0,0,0,0,0,0,0,0,0,1,0,0,0,0,0,0,1,0,0,1,0,0,1,0,0,1,0,0
468,225,1000,5000000,49600,0,19,3,2,2,9600,9600,38400,1.0,1,1,2,0,0,0,0,0,1,0,0,0,0,0,0,0,0,0,1,0,0,0,0,0,0,0,0,0,1,0,0,0
935,154,1000,0,53100,-43900,18,4,2,3,13520,13520,47320,1.0,1,4,4,0,1,0,0,0,0,0,0,0,1,0,0,0,0,0,0,0,0,0,0,0,0,0,0,1,0,0,1,0
428,167,1000,0,0,-38400,22,3,0,0,8710,8710,52260,1.0,1,5,3,0,0,0,0,1,0,0,0,0,0,0,0,0,0,0,0,1,0,0,0,0,0,0,1,0,0,0,0,0
7,165,1000,0,0,0,23,3,2,2,9380,9380,32830,1.0,0,2,4,0,1,0,0,0,0,0,0,0,0,0,0,0,1,0,0,0,0,1,0,0,0,0,0,0,0,0,0,1
155,375,1000,0,0,0,16,1,2,3,0,0,37280,1.0,0,2,3,1,0,0,0,0,0,0,0,0,0,0,0,1,0,0,0,1,0,0,0,0,1,0,0,0,0,0,0,1
541,239,1000,7000000,51400,-6300,22,1,0,2,1660,830,8300,2.5,1,4,1,0,1,0,0,0,1,0,0,0,0,0,0,0,0,0,0,1,0,0,0,1,0,0,1,0,0,0,0,1
440,108,2000,0,0,0,14,1,0,2,6370,6370,44590,5.0,0,5,4,0,0,0,0,0,0,0,0,0,0,0,1,0,0,0,1,0,0,0,0,0,1,0,1,0,1,0,0,0
482,116,500,0,0,-35500,8,3,0,3,6630,6630,46410,5.0,0,4,3,0,0,0,0,0,0,1,0,0,0,0,0,0,0,0,1,0,0,0,0,0,0,0,0,0,0,0,1,0
422,8,500,0,0,0,21,1,0,0,14040,14040,63180,5.0,0,1,3,0,0,0,0,0,0,1,0,0,0,0,0,0,0,0,0,0,0,0,0,0,1,0,0,0,0,0,1,0
778,161,2000,0,60200,0,0,3,2,2,5040,15120,40320,1.0,0,7,4,1,1,0,0,0,0,0,0,0,1,0,0,0,0,0,1,0,0,0,0,0,0,0,0,0,0,0,0,1
949,407,1000,5000000,0,-57700,0,3,2,3,11360,11360,45440,1.0,1,7,4,0,1,0,0,0,0,0,0,0,0,0,0,0,1,0,0,0,0,0,1,0,0,0,0,1,0,0,0,1
334,96,500,6000000,38900,-48700,22,1,0,0,0,6680,46760,1.0,0,3,4,0,1,0,0,0,0,0,0,0,0,1,0,0,0,0,0,0,0,0,1,0,1,0,0,1,1,0,0,0
576,282,2000,0,51100,-75100,2,1,2,2,13880,6940,48580,1.0,0,6,2,0,0,0,0,0,0,0,0,1,0,0,0,0,0,0,0,0,0,0,1,0,1,0,0,0,0,0,0,1
934,146,1000,5000000,0,0,0,3,1,3,5820,5820,40740,1.0,1,3,3,0,0,1,0,0,0,0,0,0,0,0,0,0,0,0,0,0,1,0,0,0,0,0,1,0,0,0,0,0
567,371,2000,0,34700,-81000,18,3,1,2,5380,5380,21520,1.0,0,1,3,0,0,0,1,0,0,0,0,0,0,0,0,0,0,0,0,0,0,0,1,0,0,0,0,0,0,0,0,0
594,160,500,0,0,-43800,13,3,2,1,7420,14840,44520,2.5,0,1,3,0,1,0,0,0,0,0,0,0,0,0,0,1,0,0,0,0,0,0,1,0,0,0,0,1,1,0,0,0
530,354,2000,5000000,0,0,12,1,2,3,15040,15040,60160,5.0,1,5,2,0,1,0,0,0,0,0,0,0,0,0,0,1,0,0,0,0,0,1,0,0,1,0,0,0,0,0,0,1
581,143,500,0,37700,0,21,4,2,0,6920,13840,55360,2.5,0,2,3,1,0,0,0,0,0,0,0,0,0,0,1,0,0,0,0,0,0,0,0,0,0,0,0,1,0,0,1,0
707,152,1000,0,0,0,2,1,0,2,7510,7510,67590,1.0,1,1,2,1,0,0,0,0,1,0,0,0,0,0,0,0,0,0,0,0,0,0,0,0,1,0,1,0,0,0,0,0
448,27,500,0,37900,0,11,1,1,0,12300,6150,43050,1.0,1,7,4,0,0,0,0,0,0,0,0,0,0,0,0,0,0,0,0,1,0,0,0,0,1,0,0,0,0,0,0,0
453,20,500,0,33000,-43600,15,3,2,1,6750,6750,47250,2.5,1,2,4,0,0,0,0,0,0,0,0,0,0,0,0,0,0,1,0,0,0,0,0,0,0,0,1,0,0,0,1,0
228,377,500,0,0,-64000,10,3,1,3,6560,6560,45920,1.0,1,6,4,1,0,0,1,0,0,0,0,0,0,0,0,0,0,0,0,0,0,1,0,0,0,0,0,0,1,0,0,0
352,65,500,3000000,0,-41500,0,1,1,3,5220,10440,36540,1.0,1,1,2,0,0,0,1,0,0,0,0,0,0,0,0,0,0,0,0,0,0,1,0,0,1,0,1,0,1,0,0,0
728,140,1000,5000000,0,0,13,1,2,3,14940,7470,59760,2.5,1,3,3,0,0,0,0,0,0,0,0,0,0,0,1,0,0,0,0,1,0,0,0,0,1,0,0,1,1,0,0,0
212,335,1000,6000000,62200,-31400,12,3,2,3,8580,4290,21450,1.0,0,1,2,1,1,0,0,0,0,0,0,0,0,0,0,1,0,0,0,1,0,0,0,0,0,0,0,1,0,0,0,0
79,227,500,0,0,0,16,1,1,2,14440,7220,50540,5.0,1,7,3,0,0,0,0,0,0,1,0,0,0,0,0,0,0,0,0,0,0,1,0,0,1,0,1,0,1,0,0,0
148,82,1000,0,13100,-38200,14,1,2,3,8960,8960,53760,1.0,0,7,3,0,0,0,0,0,0,0,0,0,0,0,0,0,0,0,1,0,0,0,0,0,1,0,1,0,0,0,1,0
302,48,2000,0,34000,-55600,23,3,0,2,17460,17460,52380,1.0,0,3,3,1,0,0,0,0,0,0,0,0,0,0,0,1,0,0,0,1,0,0,0,0,0,0,1,0,0,0,0,1
628,239,2000,0,44200,-37000,10,1,2,3,15980,7990,63920,2.5,1,4,3,0,1,0,0,0,0,0,0,0,0,0,1,0,0,0,0,0,0,0,1,0,1,0,0,0,1,0,0,0
777,239,500,0,0,0,20,3,0,0,6340,6340,57060,1.0,1,4,4,0,1,0,0,0,0,0,0,0,0,0,0,1,0,0,0,0,1,0,0,0,0,0,1,0,0,0,0,1
506,12,1000,0,51400,0,13,3,2,1,5930,5930,41510,5.0,1,7,2,0,0,0,0,0,0,0,0,0,0,0,0,0,1,0,0,1,0,0,0,0,0,0,1,0,0,0,0,1
342,66,1000,0,0,0,8,1,2,2,0,10520,47340,2.5,0,3,3,0,1,1,0,0,0,0,0,0,0,0,0,0,0,0,0,0,1,0,0,0,1,0,1,0,0,0,0,1
485,66,2000,0,0,-31700,0,1,2,1,8780,8780,30730,1.0,0,2,4,0,0,0,0,0,0,0,0,0,0,0,0,0,0,0,0,0,0,0,0,0,1,0,0,0,0,0,1,0
711,64,2000,0,0,-51100,16,1,2,1,490,1470,2940,2.5,0,4,2,0,0,0,0,0,0,0,0,0,0,0,1,0,0,0,0,0,1,0,0,1,0,0,1,0,0,1,0,0
133,24,1000,0,0,-45200,0,1,2,1,4680,9360,32760,5.0,1,1,4,0,0,0,0,0,0,0,1,0,0,0,0,0,0,0,0,0,0,0,1,0,1,0,0,1,0,0,0,1
703,270,1000,0,62200,0,17,3,1,1,4630,9260,46300,2.5,0,1,4,0,0,0,0,0,0,0,0,0,0,0,0,1,0,0,0,0,0,1,0,0,0,0,1,0,0,0,0,0
311,10,2000,0,0,-22200,3,3,0,3,2850,5700,22800,1.0,0,6,3,0,0,0,0,0,0,0,0,0,0,0,0,1,0,0,1,0,0,0,0,0,0,0,0,0,0,0,0,0
722,269,2000,0,0,-46400,21,1,2,1,17180,17180,51540,1.0,1,2,3,1,0,0,0,0,0,1,0,0,0,0,0,0,0,0,0,0,0,1,0,0,1,0,0,1,0,0,0,0
629,330,2000,0,0,-56400,20,2,0,2,11000,5500,44000,1.0,1,1,4,0,1,0,1,0,0,0,0,0,0,0,0,0,0,0,0,0,0,0,1,0,0,0,0,1,0,0,1,0
0,328,1000,0,53300,0,5,1,1,2,6510,13020,52080,2.5,0,6,3,1,1,0,1,0,0,0,0,0,0,0,0,0,0,0,0,0,0,0,0,0,1,0,0,1,0,0,0,1
316,274,1000,0,0,0,22,3,1,3,15100,15100,60400,5.0,0,1,4,0,0,0,0,1,0,0,0,0,0,0,0,0,0,0,1,0,0,0,0,0,0,0,0,1,0,0,1,0
706,263,1000,0,0,0,17,1,2,3,13220,6610,59490,5.0,1,5,2,1,1,0,0,0,0,1,0,0,0,0,0,0,0,0,1,0,0,0,0,0,1,0,1,0,1,0,0,0
547,313,2000,0,0,0,18,3,2,1,13800,6900,48300,1.0,0,6,3,1,1,1,0,0,0,0,0,0,0,0,0,0,0,0,0,0,0,1,0,0,0,0,0,1,0,0,1,0
872,290,1000,0,38500,0,23,3,0,0,5850,5850,40950,1.0,1,2,3,1,1,0,0,0,0,0,1,0,0,0,0,0,0,0,0,0,0,0,1,0,0,0,0,1,0,0,0,0
532,169,1000,0,23300,0,12,3,1,3,6590,13180,59310,1.0,0,7,4,0,1,0,1,0,0,0,0,0,0,0,0,0,0,0,0,0,1,0,0,0,0,0,0,0,0,0,1,0
477,380,1000,0,66000,0,10,1,0,1,7270,7270,43620,1.0,0,6,4,0,1,0,0,0,1,0,0,0,0,0,0,0,0,0,0,1,0,0,0,0,1,0,0,1,0,0,0,1
404,437,1000,0,48800,0,10,1,1,3,7680,15360,61440,5.0,1,3,2,0,0,1,0,0,0,0,0,0,0,0,0,0,0,0,0,0,0,1,0,0,1,0,0,0,0,0,1,0
172,73,1000,0,35100,-59900,15,3,1,0,4990,4990,34930,2.5,0,3,4,1,0,0,0,0,0,0,0,0,0,0,1,0,0,0,0,0,0,0,1,0,0,0,1,0,0,0,1,0
125,206,1000,6000000,47200,-69700,12,3,2,3,3300,9900,23100,2.5,0,4,4,0,1,0,1,0,0,0,0,0,0,0,0,0,0,0,0,0,0,1,0,0,0,0,1,0,0,0,0,0
394,157,500,7000000,40700,-41600,2,4,2,2,4770,9540,33390,5.0,0,1,3,0,0,0,0,0,1,0,0,0,0,0,0,0,0,0,0,0,1,0,0,0,0,0,1,0,0,0,1,0
420,208,1000,0,0,0,18,1,2,2,6930,13860,48510,1.0,1,3,3,0,0,0,0,0,0,0,0,0,0,0,0,0,1,0,0,0,0,0,0,0,1,0,1,0,0,0,0,0
552,360,1000,0,0,-32900,5,1,2,2,840,840,2940,5.0,0,5,2,1,0,0,0,0,0,1,0,0,0,0,0,0,0,0,1,0,0,0,0,0,0,1,1,0,0,0,0,1
903,142,500,0,66400,-63700,22,1,2,3,11220,11220,44880,5.0,0,7,2,1,0,1,0,0,0,0,0,0,0,0,0,0,0,0,0,0,0,0,1,0,1,0,0,1,0,0,1,0
90,127,2000,5000000,0,0,12,2,1,1,10300,10300,46350,2.5,1,1,4,1,0,0,0,0,0,0,0,0,0,0,0,1,0,0,0,0,1,0,0,0,0,0,0,0,1,0,0,0
939,279,2000,6000000,61100,-30700,21,3,1,0,11100,11100,38850,2.5,1,6,3,0,0,0,0,0,0,0,0,1,0,0,0,0,0,0,0,0,0,1,0,0,0,0,1,0,0,0,1,0
181,426,2000,0,29600,-22300,13,1,2,3,16800,16800,67200,5.0,1,5,2,1,0,0,0,0,0,0,0,0,0,0,0,0,0,0,1,0,0,0,0,0,1,0,0,1,0,0,0,1
274,217,2000,0,49900,-19800,16,3,0,2,10820,10820,43280,5.0,1,5,2,0,0,0,0,0,0,0,0,1,0,0,0,0,0,0,0,1,0,0,0,0,0,0,0,0,1,0,0,0
895,156,500,0,26500,0,23,3,0,3,11040,5520,38640,1.0,0,1,3,0,0,1,0,0,0,0,0,0,0,0,0,0,0,0,0,0,1,0,0,0,0,0,0,0,1,0,0,0
69,338,1000,0,0,-51500,13,1,0,1,860,860,2580,5.0,0,6,2,0,0,0,0,0,0,0,0,1,0,0,0,0,0,0,0,0,1,0,0,1,0,0,1,0,0,1,0,0
291,59,2000,0,64200,-32300,0,3,0,2,5730,11460,34380,2.5,0,3,4,0,0,0,0,0,0,0,0,0,0,0,1,0,0,0,0,1,0,0,0,0,0,0,0,0,0,0,0,0
131,194,500,0,0,0,3,3,2,2,6150,12300,43050,2.5,0,5,3,0,0,0,0,0,0,0,0,0,0,0,0,0,0,0,0,0,1,0,0,0,0,0,0,0,0,0,1,0
300,259,500,0,0,-39300,15,1,1,3,1280,640,5760,1.0,1,5,1,0,0,0,0,0,1,0,0,0,0,0,0,0,0,0,1,0,0,0,0,0,0,1,1,0,0,0,0,1
424,150,1000,0,52800,0,6,3,0,3,6480,12960,45360,5.0,0,5,3,0,1,0,0,0,0,0,1,0,0,0,0,0,0,0,0,0,0,0,0,0,0,0,0,0,0,0,0,0
326,305,2000,0,0,-42100,21,3,0,2,12100,6050,48400,1.0,1,1,4,1,0,0,0,0,1,0,0,0,0,0,0,0,0,0,0,0,1,0,0,0,0,0,0,0,1,0,0,0
144,106,2000,0,54100,0,20,3,0,3,5070,5070,35490,5.0,1,4,4,0,1,0,0,0,1,0,0,0,0,0,0,0,0,0,0,0,0,0,1,0,0,0,1,0,0,0,0,1
423,297,1000,0,0,-54700,12,1,0,0,6060,12120,42420,1.0,1,6,2,0,0,0,0,0,0,0,0,1,0,0,0,0,0,0,0,0,0,0,1,0,1,0,0,1,1,0,0,0
580,255,500,0,0,-40200,16,1,2,0,12240,12240,42840,5.0,0,1,4,0,1,0,0,0,0,0,0,0,0,0,0,1,0,0,0,0,1,0,0,0,1,0,0,0,0,0,1,0
135,171,2000,0,84900,0,14,1,1,2,13840,6920,48440,2.5,1,3,3,0,0,0,0,1,0,0,0,0,0,0,0,0,0,0,0,1,0,0,0,0,1,0,1,0,0,0,0,1
450,33,500,5000000,70300,-50300,2,1,0,1,6230,12460,37380,1.0,1,7,2,1,0,0,0,0,0,0,0,1,0,0,0,0,0,0,0,0,0,0,0,0,1,0,1,0,0,0,0,0
164,122,500,0,38100,-31400,18,3,2,0,18180,18180,63630,2.5,1,5,4,0,1,0,0,0,0,0,0,0,0,1,0,0,0,0,0,0,0,1,0,0,0,0,1,0,1,0,0,0
28,224,2000,0,0,-55600,21,1,1,0,7760,15520,46560,1.0,1,4,2,0,1,0,0,0,0,0,0,0,0,0,0,1,0,0,1,0,0,0,0,0,1,0,0,1,0,0,1,0
773,174,2000,0,0,0,14,3,0,1,8840,4420,30940,2.5,1,3,4,1,1,0,0,0,1,0,0,0,0,0,0,0,0,0,0,0,1,0,0,0,0,0,1,0,0,0,0,0
193,19,1000,0,42900,-90200,8,1,1,1,1280,640,5120,5.0,0,1,2,1,1,0,0,0,0,0,0,1,0,0,0,0,0,0,0,0,0,0,0,0,0,1,1,0,0,0,0,1
388,208,2000,5000000,0,0,15,3,0,1,11420,11420,39970,1.0,0,4,4,1,0,0,0,0,0,0,1,0,0,0,0,0,0,0,0,0,0,0,1,0,0,0,0,1,0,0,1,0
852,312,1000,0,66900,-51800,17,3,2,3,7040,7040,42240,5.0,1,6,4,0,0,0,0,1,0,0,0,0,0,0,0,0,0,0,0,0,0,0,1,0,0,0,0,1,1,0,0,0
169,47,2000,0,75400,0,18,1,1,0,670,670,5360,2.5,0,1,2,0,0,0,0,0,0,0,0,1,0,0,0,0,0,0,1,0,0,0,0,1,0,0,1,0,0,1,0,0
705,274,1000,0,54700,-47900,13,1,0,0,11700,0,46800,2.5,1,4,2,1,0,0,0,0,0,0,0,0,0,0,0,0,1,0,0,0,0,1,0,0,1,0,0,1,0,0,0,0
140,211,2000,0,76000,0,2,1,0,1,9460,4730,37840,1.0,0,5,4,1,0,0,0,0,0,0,1,0,0,0,0,0,0,0,0,1,0,0,0,0,1,0,1,0,0,0,0,1
173,8,500,4000000,0,-88300,2,3,0,2,11100,7400,29600,2.5,1,6,3,0,1,0,0,0,0,0,0,0,0,0,0,0,0,1,0,0,0,0,1,0,0,0,0,0,1,0,0,0
6,137,1000,0,0,-77000,0,3,0,0,21450,7150,50050,2.5,0,7,2,0,0,0,0,0,0,0,0,0,0,1,0,0,0,0,0,0,0,0,0,0,0,0,0,0,0,0,0,1
745,258,500,0,0,-44400,0,3,2,3,6770,20310,54160,1.0,0,5,3,0,0,0,0,1,0,0,0,0,0,0,0,0,0,0,0,0,0,1,0,0,0,0,1,0,1,0,0,0
478,389,2000,0,0,0,6,1,1,2,630,1260,4410,5.0,0,5,2,0,0,1,0,0,0,0,0,0,0,0,0,0,0,0,0,0,0,1,0,0,0,1,1,0,0,0,0,1
73,215,500,0,0,-42900,7,3,2,0,9520,4760,42840,1.0,1,3,2,0,1,0,0,0,0,0,0,0,0,0,0,0,0,1,1,0,0,0,0,0,0,0,1,0,1,0,0,0
910,285,2000,0,46100,0,9,1,1,2,3720,3720,26040,1.0,1,3,2,0,1,0,0,0,0,0,0,0,0,0,0,1,0,0,0,0,0,0,1,0,1,0,0,1,0,0,0,1
813,282,2000,7000000,26900,-55300,7,1,1,2,640,320,2560,5.0,1,6,2,0,0,0,0,0,0,0,0,0,0,1,0,0,0,0,0,0,0,0,0,0,0,1,1,0,0,1,0,0
238,272,2000,0,33300,-10600,19,1,1,1,6460,12920,51680,5.0,1,2,3,0,0,0,0,0,1,0,0,0,0,0,0,0,0,0,0,0,1,0,0,0,1,0,0,1,0,0,1,0
145,398,500,0,0,-57900,18,1,2,1,7640,15280,76400,1.0,1,2,3,1,0,0,0,1,0,0,0,0,0,0,0,0,0,0,0,0,0,0,1,0,1,0,0,0,0,0,0,1
792,169,2000,0,0,-36800,9,3,0,3,4200,8400,33600,1.0,0,1,4,1,0,1,0,0,0,0,0,0,0,0,0,0,0,0,0,0,0,0,0,0,0,0,1,0,0,0,0,1
234,27,2000,0,0,-32500,10,3,0,2,5360,10720,37520,1.0,0,4,3,0,1,0,0,0,1,0,0,0,0,0,0,0,0,0,0,1,0,0,0,0,0,0,0,0,0,0,1,0
220,246,2000,0,0,-58600,18,1,1,2,11160,5580,44640,2.5,0,3,3,1,1,0,0,0,1,0,0,0,0,0,0,0,0,0,0,1,0,0,0,0,1,0,0,0,0,0,1,0
923,90,2000,0,42100,0,2,1,1,0,13780,6890,55120,2.5,1,7,4,1,1,0,0,0,0,0,0,1,0,0,0,0,0,0,1,0,0,0,0,0,1,0,1,0,0,0,1,0
500,1,500,0,52200,0,15,1,2,3,7890,23670,55230,5.0,1,4,2,0,1,0,1,0,0,0,0,0,0,0,0,0,0,0,0,1,0,0,0,0,1,0,0,1,0,0,0,1
132,112,500,0,60000,-54800,21,3,0,1,8500,8500,34000,1.0,1,5,3,0,0,0,0,0,0,0,0,0,0,0,0,0,1,0,0,0,0,1,0,0,0,0,0,0,0,0,0,0
990,286,500,3000000,77500,-32800,18,1,2,2,3810,3810,26670,1.0,1,6,2,0,1,0,0,0,0,0,0,0,0,1,0,0,0,0,0,0,0,1,0,0,1,0,1,0,1,0,0,0
774,70,1000,0,67200,-59400,14,4,1,0,3520,3520,24640,2.5,0,1,2,0,1,0,0,0,0,0,1,0,0,0,0,0,0,0,0,0,0,0,0,0,0,0,0,1,0,0,0,1
185,125,500,7000000,0,-51300,17,1,2,3,8060,16120,64480,5.0,0,4,4,1,0,0,0,0,0,0,0,0,0,0,0,0,1,0,0,0,0,0,0,0,1,0,0,0,1,0,0,0
41,116,500,0,0,-24100,1,1,1,1,16180,16180,64720,2.5,0,2,3,0,0,0,0,0,0,0,0,0,0,0,0,0,0,1,0,0,0,1,0,0,1,0,0,1,0,0,0,1
696,176,500,5000000,32800,-50600,17,1,2,1,4300,8600,34400,2.5,0,3,4,0,1,0,0,0,0,0,0,0,0,0,0,0,0,1,0,0,0,1,0,0,1,0,1,0,0,0,0,1
108,298,2000,0,28800,0,1,1,0,0,10860,10860,48870,5.0,1,7,3,0,0,0,0,0,0,0,1,0,0,0,0,0,0,0,0,1,0,0,0,0,1,0,0,0,1,0,0,0
588,472,500,0,0,0,13,1,2,3,14180,7090,49630,2.5,0,5,3,0,0,0,0,0,0,0,0,1,0,0,0,0,0,0,1,0,0,0,0,0,1,0,0,0,1,0,0,0
56,439,500,0,36100,-55000,12,3,2,3,0,6270,50160,2.5,1,7,3,0,0,0,0,0,0,0,0,0,0,1,0,0,0,0,0,0,0,1,0,0,0,0,0,0,1,0,0,0
405,65,500,4000000,0,-66300,6,3,2,3,15960,7980,55860,1.0,1,3,4,0,0,0,0,0,0,0,0,0,0,0,0,0,0,1,0,0,0,0,1,0,0,0,0,1,1,0,0,0
442,152,500,0,0,0,16,1,0,0,6400,19200,44800,2.5,1,7,3,1,0,0,0,0,0,0,0,0,0,0,0,0,0,1,0,0,0,0,1,0,1,0,0,1,1,0,0,0
757,173,1000,0,51000,0,22,1,2,3,9460,9460,33110,2.5,0,3,4,1,0,0,0,0,0,0,1,0,0,0,0,0,0,0,0,0,0,1,0,0,1,0,1,0,1,0,0,0
997,130,500,3000000,35100,0,4,3,2,3,7500,7500,52500,2.5,1,5,2,0,1,1,0,0,0,0,0,0,0,0,0,0,0,0,0,1,0,0,0,0,0,0,0,1,0,0,0,1
24,237,1000,0,0,-53500,6,1,1,3,7080,14160,56640,1.0,0,3,2,0,0,0,1,0,0,0,0,0,0,0,0,0,0,0,0,0,0,0,0,0,1,0,1,0,0,0,1,0
467,411,1000,0,0,0,23,3,0,0,3510,3510,31590,2.5,1,3,3,0,0,0,0,0,0,0,0,0,0,0,1,0,0,0,0,1,0,0,0,0,0,0,0,1,0,0,0,0
539,230,2000,0,45400,-39400,19,1,0,2,13480,13480,47180,2.5,1,3,4,0,1,0,0,0,0,0,0,0,0,1,0,0,0,0,0,1,0,0,0,0,1,0,0,0,1,0,0,0
531,342,1000,0,0,0,12,1,0,0,14720,7360,58880,1.0,1,3,3,0,0,0,0,0,0,0,0,0,0,1,0,0,0,0,1,0,0,0,0,0,1,0,0,0,0,0,0,0
618,97,1000,0,0,-32600,22,1,1,0,10060,10060,25150,1.0,0,4,4,0,0,0,0,0,1,0,0,0,0,0,0,0,0,0,0,0,0,0,0,0,1,0,1,0,0,0,0,0
694,73,500,0,0,0,15,3,0,0,0,11400,45600,1.0,1,1,4,0,1,0,0,0,0,0,0,0,0,0,1,0,0,0,0,0,0,0,0,0,0,0,1,0,0,0,1,0
926,211,1000,0,0,0,12,1,0,3,8320,16640,66560,2.5,1,5,4,0,1,0,0,0,0,0,0,0,0,0,0,0,0,1,0,0,1,0,0,0,1,0,0,0,1,0,0,0
338,120,500,0,39600,-64300,20,1,1,1,8710,8710,69680,2.5,1,2,2,0,1,0,0,0,0,0,0,0,1,0,0,0,0,0,0,0,0,0,0,0,1,0,0,0,0,0,1,0
51,91,2000,0,0,0,4,1,1,2,1320,660,5280,1.0,1,4,1,0,0,0,0,0,1,0,0,0,0,0,0,0,0,0,0,0,0,0,0,0,0,1,1,0,0,1,0,0
507,86,2000,0,74200,-68100,0,1,2,2,9680,14520,38720,1.0,0,1,2,0,1,0,0,0,0,0,0,0,0,1,0,0,0,0,0,0,0,0,0,0,1,0,0,0,0,0,0,1
516,65,1000,0,43000,-42500,17,1,1,2,3570,7140,32130,1.0,1,3,4,0,1,0,0,0,0,0,0,0,0,0,0,0,0,0,0,0,0,0,1,0,1,0,0,0,0,0,0,0
920,214,1000,0,57700,-43500,17,1,1,0,8040,4020,32160,1.0,0,4,4,0,1,0,0,0,0,0,0,0,0,0,0,0,0,1,1,0,0,0,0,0,1,0,1,0,0,0,1,0
781,70,1000,0,62400,-52300,12,1,0,3,11560,11560,46240,1.0,1,6,2,0,0,1,0,0,0,0,0,0,0,0,0,0,0,0,0,1,0,0,0,0,1,0,0,0,0,0,0,0
264,84,2000,0,44400,-51500,9,1,1,0,5240,10480,41920,5.0,1,6,2,0,1,0,0,0,0,0,0,0,0,0,1,0,0,0,0,0,0,0,1,0,1,0,0,1,0,0,0,1
817,250,500,0,69500,-40700,16,1,1,1,13600,6800,54400,1.0,0,1,3,0,0,0,0,1,0,0,0,0,0,0,0,0,0,0,0,0,0,0,0,0,1,0,1,0,0,0,1,0
710,234,500,0,0,0,3,1,1,0,7020,7020,56160,5.0,0,2,3,0,0,0,0,0,0,0,0,1,0,0,0,0,0,0,0,1,0,0,0,0,1,0,0,1,0,0,0,0
682,78,500,0,0,-66500,4,1,0,3,550,1100,4400,5.0,0,4,1,0,0,0,0,0,0,0,0,1,0,0,0,0,0,0,0,1,0,0,0,1,0,0,1,0,0,0,0,1
832,295,500,0,52200,-44500,10,1,1,3,760,380,3420,2.5,1,4,2,1,1,0,0,0,0,0,0,0,0,1,0,0,0,0,0,0,1,0,0,0,0,1,1,0,0,1,0,0
518,196,2000,0,0,-78600,0,3,1,0,4780,4780,38240,2.5,0,4,2,0,0,0,0,0,0,0,0,0,0,0,1,0,0,0,0,1,0,0,0,0,0,0,1,0,0,0,0,0
447,352,500,0,0,0,23,1,2,2,12500,6250,50000,2.5,0,2,2,1,0,0,0,0,0,0,0,0,0,0,0,0,1,0,0,0,0,0,1,0,1,0,0,0,1,0,0,0
18,160,500,0,45500,-37800,19,1,1,0,6630,13260,53040,5.0,1,6,4,1,0,0,1,0,0,0,0,0,0,0,0,0,0,0,0,1,0,0,0,0,1,0,0,1,0,0,1,0
715,96,1000,5000000,47500,-58700,15,3,2,3,5540,11080,38780,2.5,0,3,3,1,1,0,0,0,0,0,0,0,0,1,0,0,0,0,0,1,0,0,0,0,0,0,1,0,0,0,0,0
483,222,1000,0,49600,-49200,17,2,2,0,16300,8150,57050,1.0,0,4,2,1,0,1,0,0,0,0,0,0,0,0,0,0,0,0,0,0,0,1,0,0,0,0,1,0,0,0,1,0
568,292,1000,0,0,-53800,15,3,1,1,16920,8460,59220,2.5,0,4,4,1,0,0,0,0,0,0,1,0,0,0,0,0,0,0,0,1,0,0,0,0,0,0,1,0,0,0,1,0
433,143,500,0,67900,0,10,1,2,3,11700,5850,40950,1.0,0,3,2,0,1,0,0,0,0,0,0,0,1,0,0,0,0,0,0,0,0,0,1,0,1,0,0,0,0,0,1,0
367,289,2000,0,73000,-37900,15,1,1,0,6000,6000,42000,5.0,1,2,2,0,1,0,0,0,0,0,0,0,0,0,0,0,0,0,0,0,1,0,0,0,1,0,0,0,0,0,0,0
83,200,2000,0,57300,-80600,13,1,0,3,1180,1180,4130,2.5,0,1,1,0,1,0,0,1,0,0,0,0,0,0,0,0,0,0,0,0,0,0,1,0,0,1,1,0,0,1,0,0
61,245,1000,0,69100,0,23,3,0,3,7380,3690,33210,5.0,0,4,4,0,0,0,0,0,0,1,0,0,0,0,0,0,0,0,0,0,0,0,0,0,0,0,0,1,0,0,1,0
638,34,500,0,0,0,4,3,1,0,5080,5080,40640,5.0,1,7,3,0,0,0,0,0,0,0,0,0,1,0,0,0,0,0,0,0,0,0,0,0,0,0,0,1,0,0,0,0
272,332,2000,0,91900,0,22,4,2,0,11040,11040,49680,1.0,0,6,3,1,0,0,1,0,0,0,0,0,0,0,0,0,0,0,0,1,0,0,0,0,0,0,0,0,0,0,0,1
285,105,500,0,0,-40900,8,1,0,1,12780,6390,51120,5.0,1,1,4,1,0,0,0,0,0,0,0,0,0,0,0,0,0,0,1,0,0,0,0,0,1,0,0,0,0,0,1,0
360,451,2000,2000000,0,-42600,3,3,2,1,15620,7810,54670,2.5,1,2,3,1,1,0,0,0,0,0,0,0,0,0,0,0,0,1,0,0,0,1,0,0,0,0,1,0,0,0,0,0
354,77,2000,0,56400,-32800,1,3,0,0,6720,6720,53760,5.0,1,1,2,1,0,0,0,0,0,0,0,0,0,0,0,0,0,0,0,0,1,0,0,0,0,0,0,0,0,0,0,0
456,78,500,0,0,0,20,1,0,1,680,680,6120,1.0,0,5,2,0,1,0,1,0,0,0,0,0,0,0,0,0,0,0,0,0,0,0,0,0,0,1,1,0,0,0,0,1
278,108,2000,0,0,0,6,3,0,1,5850,11700,46800,1.0,1,4,3,0,1,1,0,0,0,0,0,0,0,0,0,0,0,0,1,0,0,0,0,0,0,0,0,1,0,0,0,1
12,60,500,3000000,0,0,9,1,1,0,4710,9420,42390,5.0,0,6,4,1,0,0,0,0,0,0,0,0,0,0,1,0,0,0,0,0,0,0,1,0,1,0,1,0,0,0,0,0
182,111,500,4000000,51100,0,12,1,2,3,16540,16540,57890,2.5,1,5,4,1,0,0,0,0,0,0,0,0,0,0,0,0,1,0,0,0,0,0,0,0,1,0,0,1,0,0,0,1
368,10,1000,0,0,-60700,5,1,0,2,4450,8900,35600,2.5,1,4,2,0,0,0,1,0,0,0,0,0,0,0,0,0,0,0,0,0,0,0,1,0,1,0,0,1,0,0,0,1
881,398,2000,0,66200,-49700,18,1,1,3,3340,6680,26720,2.5,0,6,3,0,1,0,0,0,1,0,0,0,0,0,0,0,0,0,0,0,0,0,1,0,1,0,1,0,1,0,0,0
615,153,500,0,45600,-61400,0,3,1,0,14140,14140,49490,2.5,0,1,4,0,0,0,0,0,0,0,0,0,0,0,0,0,1,0,0,1,0,0,0,0,0,0,0,1,0,0,1,0
223,362,500,4000000,53000,-72500,17,3,1,1,6340,6340,44380,2.5,0,2,4,0,0,0,0,0,0,0,0,0,0,0,0,1,0,0,0,0,0,0,1,0,0,0,0,1,1,0,0,0
572,103,2000,0,69500,-47700,1,3,2,3,14380,14380,50330,5.0,1,5,3,0,0,0,0,0,0,0,0,1,0,0,0,0,0,0,0,0,0,0,1,0,0,0,0,1,0,0,0,0
970,213,500,0,58500,-77700,13,1,2,0,13480,6740,53920,2.5,0,6,4,1,1,0,0,0,0,0,0,0,0,0,0,0,1,0,0,0,0,0,0,0,1,0,0,1,1,0,0,0
653,109,2000,6000000,0,0,17,3,1,3,16560,16560,57960,1.0,1,1,2,0,1,0,0,0,0,0,0,0,0,0,0,0,0,0,0,0,0,0,0,0,0,0,0,1,0,0,0,1
545,131,1000,0,65700,0,5,1,1,3,15280,7640,53480,2.5,1,2,3,0,0,0,0,0,0,0,0,0,0,0,0,1,0,0,0,0,1,0,0,0,1,0,0,0,1,0,0,0
582,130,1000,0,0,-38500,21,2,2,1,13080,13080,58860,5.0,1,4,2,1,0,0,0,0,1,0,0,0,0,0,0,0,0,0,0,1,0,0,0,0,0,0,0,0,0,0,0,0
633,142,2000,0,0,-48500,10,1,1,2,4530,9060,40770,1.0,1,6,3,1,0,0,1,0,0,0,0,0,0,0,0,0,0,0,0,0,0,0,0,0,1,0,1,0,0,0,0,1
176,155,500,0,0,0,1,1,1,1,8560,8560,59920,1.0,0,5,2,0,1,0,0,0,0,0,0,0,0,0,1,0,0,0,0,1,0,0,0,0,1,0,0,0,0,0,0,0
665,435,500,5000000,73500,-43300,23,1,2,1,5240,10480,47160,5.0,0,2,4,0,0,0,0,0,0,0,0,0,1,0,0,0,0,0,0,1,0,0,0,0,1,0,0,0,0,0,0,0
673,80,1000,0,0,-18600,3,1,0,1,3720,3720,26040,5.0,1,3,3,0,0,0,0,0,1,0,0,0,0,0,0,0,0,0,0,0,0,0,1,0,1,0,1,0,0,0,0,1
585,180,1000,0,0,-55800,17,1,1,3,1020,510,3570,5.0,0,6,2,0,0,0,0,0,0,0,1,0,0,0,0,0,0,0,0,0,0,0,1,0,0,1,1,0,0,1,0,0
873,322,2000,0,0,-46000,18,1,0,2,7680,7680,26880,2.5,1,7,3,0,1,1,0,0,0,0,0,0,0,0,0,0,0,0,0,0,1,0,0,0,1,0,1,0,0,0,0,0
393,406,2000,0,0,-42700,15,3,1,2,10920,5460,49140,2.5,0,6,4,0,0,0,0,1,0,0,0,0,0,0,0,0,0,0,0,0,1,0,0,0,0,0,0,0,0,0,1,0
163,112,1000,0,47700,-59300,3,1,2,0,10790,21580,75530,5.0,1,5,3,1,0,0,0,0,0,0,0,0,0,1,0,0,0,0,1,0,0,0,0,0,1,0,0,0,1,0,0,0
248,101,1000,0,25900,0,7,1,0,3,1180,590,4130,2.5,0,5,2,0,0,0,0,0,0,0,1,0,0,0,0,0,0,0,0,1,0,0,0,1,0,0,1,0,0,1,0,0
634,162,2000,0,0,0,14,1,0,3,9880,4940,39520,5.0,1,5,3,1,1,0,0,0,0,1,0,0,0,0,0,0,0,0,0,0,0,0,0,0,1,0,0,1,0,0,0,1
885,254,500,0,59800,0,19,3,0,0,13280,13280,53120,2.5,0,4,4,1,0,0,0,0,0,0,0,1,0,0,0,0,0,0,0,0,0,0,0,0,0,0,1,0,0,0,0,1
669,434,2000,0,0,0,15,3,1,3,11040,11040,44160,5.0,0,4,3,0,0,0,0,0,0,0,0,0,0,0,0,0,0,1,0,0,0,0,0,0,0,0,1,0,0,0,1,0
375,315,1000,6000000,0,-56800,12,3,1,0,4860,4860,17010,2.5,1,5,4,0,1,0,0,0,0,0,0,0,0,0,0,1,0,0,0,1,0,0,0,0,0,0,0,0,0,0,1,0
412,247,2000,0,64000,0,22,3,2,2,11580,11580,46320,2.5,1,3,2,0,0,0,0,0,1,0,0,0,0,0,0,0,0,0,1,0,0,0,0,0,0,0,0,0,1,0,0,0
74,192,1000,0,0,0,18,3,1,0,9540,4770,28620,1.0,1,2,2,1,1,0,0,0,0,0,0,0,0,0,0,1,0,0,0,0,0,0,1,0,0,0,0,1,0,0,0,0
113,168,1000,0,0,-40600,13,2,1,1,14430,9620,33670,1.0,0,6,3,0,0,0,0,0,0,0,0,0,0,0,1,0,0,0,0,0,1,0,0,0,0,0,0,1,0,0,1,0
598,286,1000,6000000,71300,-70300,16,3,1,3,6050,12100,36300,2.5,1,1,3,0,1,0,0,0,0,0,0,0,0,0,0,1,0,0,0,1,0,0,0,0,0,0,0,0,0,0,0,0
961,128,1000,0,0,-48800,16,1,2,0,1380,690,5520,2.5,1,2,1,0,0,0,0,0,0,0,0,0,0,0,0,0,0,0,0,0,0,0,0,0,0,1,1,0,0,0,0,1
390,48,500,0,0,-51000,1,1,0,2,9680,4840,33880,1.0,1,4,3,1,0,0,0,1,0,0,0,0,0,0,0,0,0,0,0,0,0,1,0,0,1,0,1,0,0,0,0,0
104,350,500,0,50500,0,15,3,0,0,15580,7790,70110,5.0,0,3,4,0,0,0,0,0,0,0,0,1,0,0,0,0,0,0,0,0,0,0,1,0,0,0,0,1,0,0,0,1
114,390,2000,0,0,0,9,1,1,1,1180,1180,4720,2.5,0,2,2,1,1,1,0,0,0,0,0,0,0,0,0,0,0,0,0,1,0,0,0,0,0,1,1,0,0,1,0,0
417,186,2000,0,0,0,22,1,1,2,11120,5560,38920,2.5,1,4,4,1,1,0,0,0,0,0,0,0,1,0,0,0,0,0,0,0,0,1,0,0,1,0,1,0,0,0,0,0
525,41,1000,0,46700,0,12,1,1,1,530,1060,5300,1.0,1,4,1,1,0,0,0,0,0,0,0,0,0,1,0,0,0,0,0,0,1,0,0,0,0,1,1,0,0,0,0,1
457,123,2000,0,38000,-41200,5,1,2,1,13300,6650,59850,1.0,0,5,3,0,1,0,0,0,0,0,0,0,0,0,0,0,0,1,0,0,1,0,0,0,1,0,0,1,0,0,0,0
409,265,500,0,0,0,3,1,2,3,290,580,2320,2.5,1,3,1,0,0,0,0,1,0,0,0,0,0,0,0,0,0,0,0,0,0,1,0,0,0,1,1,0,0,1,0,0
92,207,2000,0,55200,0,9,1,0,1,590,590,4720,2.5,0,7,1,0,0,0,0,0,1,0,0,0,0,0,0,0,0,0,0,0,1,0,0,1,0,0,1,0,0,1,0,0
930,310,500,0,11000,0,11,4,0,2,13200,6600,39600,1.0,1,4,3,1,0,0,0,0,0,0,0,0,0,0,0,0,0,0,0,0,0,1,0,0,0,0,1,0,0,0,0,1
89,41,1000,0,0,-56100,12,3,2,0,0,5640,39480,1.0,1,3,3,1,0,0,0,1,0,0,0,0,0,0,0,0,0,0,1,0,0,0,0,0,0,0,0,1,0,0,1,0
336,176,500,4000000,0,-56600,14,3,2,1,4920,4920,34440,2.5,0,3,2,0,0,1,0,0,0,0,0,0,0,0,0,0,0,0,0,0,0,1,0,0,0,0,0,1,1,0,0,0
988,295,500,0,0,0,5,1,1,1,12140,6070,42490,1.0,1,1,2,1,0,1,0,0,0,0,0,0,0,0,0,0,0,0,0,0,0,0,1,0,1,0,1,0,1,0,0,0
921,178,500,0,0,0,10,3,0,3,5200,10400,41600,2.5,1,3,2,0,0,0,0,0,0,0,0,1,0,0,0,0,0,0,0,0,0,0,1,0,0,0,1,0,0,0,1,0
933,36,1000,0,0,-59800,20,3,1,3,5420,10840,32520,5.0,1,5,2,1,0,0,0,0,0,0,1,0,0,0,0,0,0,0,0,0,0,0,0,0,0,0,0,1,0,0,0,0
605,246,1000,0,0,0,6,1,1,0,6860,6860,48020,1.0,0,1,2,0,0,0,0,0,0,0,1,0,0,0,0,0,0,0,1,0,0,0,0,0,1,0,1,0,0,0,1,0
593,152,500,0,58600,0,9,1,1,1,7690,7690,69210,5.0,1,4,3,1,0,0,1,0,0,0,0,0,0,0,0,0,0,0,0,0,0,0,1,0,1,0,0,1,1,0,0,0
611,137,500,0,55600,-59700,4,3,2,1,6730,13460,53840,2.5,0,6,2,0,0,0,0,1,0,0,0,0,0,0,0,0,0,0,0,0,0,1,0,0,0,0,0,0,0,0,1,0
94,271,500,0,0,0,21,3,1,0,17040,8520,68160,1.0,1,1,4,0,0,0,0,0,0,0,1,0,0,0,0,0,0,0,1,0,0,0,0,0,0,0,1,0,0,0,0,0
11,447,2000,0,0,-51000,21,3,1,2,17680,17680,79560,1.0,1,1,3,1,1,0,0,1,0,0,0,0,0,0,0,0,0,0,0,1,0,0,0,0,0,0,0,0,1,0,0,0
396,409,1000,6000000,55600,0,19,1,1,0,6110,12220,54990,1.0,0,1,3,0,0,0,0,0,0,0,0,0,0,0,1,0,0,0,0,0,0,1,0,0,1,0,0,1,0,0,1,0
533,339,2000,0,98800,-65300,13,1,0,3,1240,620,4960,5.0,0,4,2,0,0,0,0,0,0,0,0,0,0,0,0,0,0,0,1,0,0,0,0,0,0,1,1,0,0,1,0,0
43,106,500,0,49700,-60200,23,1,2,2,5680,5680,39760,2.5,1,7,4,0,0,0,0,0,0,0,0,0,0,0,0,0,0,1,0,0,1,0,0,0,1,0,1,0,0,0,1,0
42,37,500,0,0,-67400,17,3,1,0,5740,5740,40180,5.0,1,3,2,1,0,0,0,0,0,0,0,0,0,1,0,0,0,0,0,0,0,0,0,0,0,0,0,1,0,0,1,0
329,78,1000,4000000,0,-27900,21,1,1,0,5060,10120,40480,2.5,0,7,3,0,0,0,0,0,0,0,0,0,0,0,1,0,0,0,0,0,1,0,0,0,1,0,0,0,0,0,1,0
167,298,1000,0,0,-51100,18,3,0,0,12800,6400,44800,5.0,0,1,2,0,0,0,0,0,1,0,0,0,0,0,0,0,0,0,0,0,0,1,0,0,0,0,0,0,0,0,0,0
497,0,1000,0,61400,-41100,6,4,1,1,6620,6620,26480,5.0,0,3,2,0,0,0,0,0,0,0,0,0,0,0,0,0,1,0,0,0,0,0,1,0,0,0,1,0,0,0,0,0
876,247,500,0,0,-49300,5,1,1,2,770,1540,5390,1.0,1,5,1,1,0,0,0,0,0,0,0,0,0,0,1,0,0,0,0,0,0,1,0,0,0,1,1,0,0,0,0,1
597,3,500,5000000,0,0,3,1,2,1,500,1000,3500,1.0,1,4,1,0,0,0,0,0,0,0,0,0,1,0,0,0,0,0,0,0,0,1,0,1,0,0,1,0,0,0,0,1
756,92,500,0,58900,-29100,22,1,2,3,5340,5340,42720,5.0,0,5,4,0,1,0,0,0,0,0,0,0,0,1,0,0,0,0,0,0,0,0,0,0,1,0,1,0,0,0,0,0
100,269,500,0,0,-72300,23,1,0,0,15860,15860,47580,1.0,1,3,2,1,0,0,0,0,0,0,0,0,0,0,1,0,0,0,1,0,0,0,0,0,1,0,1,0,0,0,0,1
426,210,1000,0,44900,-91400,11,1,0,2,5820,5820,46560,5.0,0,5,4,0,0,0,0,0,1,0,0,0,0,0,0,0,0,0,1,0,0,0,0,0,1,0,0,0,0,0,0,0
178,245,500,0,27000,-58900,0,1,0,1,13100,13100,58950,5.0,1,5,4,1,0,1,0,0,0,0,0,0,0,0,0,0,0,0,0,1,0,0,0,0,1,0,0,0,0,0,1,0
444,144,2000,6000000,23600,-15600,7,1,0,0,740,1480,5180,5.0,1,2,2,0,0,0,0,0,0,0,0,0,0,0,0,1,0,0,0,1,0,0,0,1,0,0,1,0,0,1,0,0
416,328,500,0,0,0,19,1,0,2,8930,8930,53580,5.0,1,5,4,0,1,0,0,0,0,0,0,0,0,0,0,0,0,1,0,0,0,0,1,0,1,0,1,0,0,0,0,1
870,260,500,0,54500,-72100,18,1,1,0,15080,7540,52780,1.0,1,4,4,0,0,0,0,1,0,0,0,0,0,0,0,0,0,0,1,0,0,0,0,0,1,0,0,0,1,0,0,0
882,9,1000,0,0,0,12,1,0,0,15580,15580,54530,1.0,1,1,4,0,0,0,0,0,0,0,1,0,0,0,0,0,0,0,1,0,0,0,0,0,1,0,1,0,0,0,0,1
680,222,2000,0,0,-64500,20,1,2,2,6720,6720,47040,1.0,0,6,4,0,1,0,0,0,0,0,1,0,0,0,0,0,0,0,1,0,0,0,0,0,1,0,0,0,0,0,0,1
177,261,1000,0,0,-45100,16,1,0,1,11380,11380,39830,2.5,1,7,2,1,0,0,0,0,0,0,0,0,0,1,0,0,0,0,0,1,0,0,0,0,1,0,1,0,1,0,0,0
395,146,2000,0,61400,-57500,3,1,2,0,580,580,4060,2.5,1,7,2,1,0,0,0,0,0,0,1,0,0,0,0,0,0,0,1,0,0,0,0,0,0,1,1,0,0,1,0,0
911,98,2000,0,0,-30900,13,2,0,1,14540,7270,43620,5.0,0,4,4,0,1,0,0,1,0,0,0,0,0,0,0,0,0,0,0,1,0,0,0,0,0,0,0,0,0,0,0,1
793,124,1000,0,29300,0,23,1,0,1,5770,5770,46160,1.0,1,5,4,1,0,0,0,0,1,0,0,0,0,0,0,0,0,0,0,0,0,0,1,0,1,0,0,1,0,0,0,0
960,194,500,0,67800,0,11,3,1,2,11440,5720,40040,1.0,1,4,2,0,1,0,0,0,0,0,0,0,0,0,1,0,0,0,0,0,0,0,0,0,0,0,1,0,0,0,0,0
684,313,1000,0,63900,-53300,20,1,1,3,3660,7320,29280,2.5,0,3,3,1,0,0,0,0,0,0,0,0,0,1,0,0,0,0,0,0,0,0,1,0,1,0,0,0,0,0,0,0
383,289,2000,0,0,0,18,1,0,1,6270,6270,43890,2.5,0,4,2,1,1,1,0,0,0,0,0,0,0,0,0,0,0,0,0,0,0,1,0,0,1,0,1,0,0,0,0,0
956,95,2000,0,67800,-48600,21,3,0,3,15120,15120,52920,5.0,0,5,4,1,1,0,0,0,0,0,1,0,0,0,0,0,0,0,1,0,0,0,0,0,0,0,0,1,0,0,0,1
751,193,500,0,34200,-32300,6,1,0,0,6390,6390,51120,1.0,1,7,2,0,1,0,0,0,0,1,0,0,0,0,0,0,0,0,1,0,0,0,0,0,1,0,0,1,1,0,0,0
257,279,2000,0,0,0,13,1,0,1,6410,12820,38460,5.0,0,2,3,1,0,0,0,0,0,0,1,0,0,0,0,0,0,0,0,1,0,0,0,0,1,0,0,1,0,0,0,1
538,478,1000,0,47600,0,5,1,1,3,940,470,3290,2.5,0,1,2,1,0,0,0,0,0,0,0,0,0,0,0,0,0,0,0,0,1,0,0,1,0,0,1,0,0,1,0,0
335,121,1000,6000000,0,0,16,1,0,1,7250,7250,50750,5.0,1,4,2,0,1,1,0,0,0,0,0,0,0,0,0,0,0,0,0,0,0,1,0,0,1,0,1,0,0,0,0,1
15,473,2000,0,55700,0,12,4,0,0,10520,10520,42080,1.0,1,6,3,1,0,0,0,0,0,0,0,0,0,0,0,0,0,1,0,1,0,0,0,0,0,0,0,1,0,0,1,0
324,97,1000,0,0,0,4,2,2,2,10080,5040,35280,2.5,0,3,3,1,0,0,0,1,0,0,0,0,0,0,0,0,0,0,1,0,0,0,0,0,0,0,1,0,0,0,1,0
758,436,500,0,67600,-65300,16,1,0,2,14920,7460,59680,2.5,0,1,2,0,0,0,0,0,0,0,0,0,0,1,0,0,0,0,0,0,0,0,1,0,1,0,0,0,0,0,0,0
222,330,1000,0,0,0,19,1,0,0,8920,8920,31220,5.0,1,1,4,1,0,0,0,0,0,0,0,0,0,0,0,1,0,0,0,0,0,0,0,0,1,0,0,1,1,0,0,0
179,235,500,4000000,0,-31700,1,1,2,1,450,900,3600,1.0,0,6,1,0,0,0,0,0,0,0,0,0,0,0,0,0,1,0,0,0,0,0,1,0,0,1,1,0,0,1,0,0
983,17,1000,0,32500,-80800,9,1,2,1,430,430,2580,2.5,1,4,1,0,0,0,0,0,0,0,0,0,0,0,0,0,0,0,0,0,0,1,0,1,0,0,1,0,0,0,0,1
22,370,2000,0,72700,-68200,20,3,0,0,17880,5960,47680,1.0,0,1,3,0,1,0,0,0,0,0,0,0,0,1,0,0,0,0,0,1,0,0,0,0,0,0,1,0,0,0,0,0
356,229,2000,0,65600,0,14,3,1,1,11460,5730,51570,2.5,1,6,3,1,1,0,1,0,0,0,0,0,0,0,0,0,0,0,1,0,0,0,0,0,0,0,0,1,0,0,1,0
666,344,1000,0,0,-38700,18,3,2,2,17400,11600,46400,1.0,1,5,3,0,1,0,0,0,0,0,0,0,0,0,0,1,0,0,1,0,0,0,0,0,0,0,0,1,1,0,0,0
861,212,1000,0,73200,0,17,3,0,2,8240,8240,65920,5.0,1,5,2,1,1,0,0,0,0,0,0,1,0,0,0,0,0,0,0,0,0,0,0,0,0,0,0,1,0,0,1,0
340,290,500,0,0,-61000,23,3,2,2,12960,6480,45360,1.0,1,4,4,1,0,0,0,0,0,0,0,0,0,0,0,1,0,0,0,0,0,0,1,0,0,0,0,1,0,0,0,1
431,270,500,0,83200,-53300,23,3,0,0,9880,0,44460,5.0,1,7,4,0,1,0,0,0,0,0,0,0,1,0,0,0,0,0,1,0,0,0,0,0,0,0,0,1,0,0,1,0
551,337,500,0,0,-34600,8,1,0,1,14400,7200,64800,1.0,0,2,2,1,0,1,0,0,0,0,0,0,0,0,0,0,0,0,0,0,0,0,1,0,1,0,1,0,1,0,0,0
833,126,500,0,0,0,3,4,0,1,11300,11300,45200,2.5,1,4,4,0,0,0,0,0,0,0,1,0,0,0,0,0,0,0,0,1,0,0,0,0,0,0,1,0,0,0,0,1
203,468,500,0,0,0,7,3,0,3,7150,7150,50050,1.0,0,7,3,1,0,0,0,0,0,0,1,0,0,0,0,0,0,0,0,0,0,0,1,0,0,0,1,0,1,0,0,0
630,128,500,0,0,0,10,3,2,1,16040,16040,56140,5.0,1,6,2,0,0,0,0,0,0,0,1,0,0,0,0,0,0,0,0,1,0,0,0,0,0,0,0,0,1,0,0,0
93,219,1000,0,90700,-20800,3,3,1,1,5890,11780,53010,1.0,1,6,3,0,0,0,0,1,0,0,0,0,0,0,0,0,0,0,1,0,0,0,0,0,0,0,0,0,0,0,0,0
558,210,500,0,0,-19500,11,3,2,1,2730,2730,19110,1.0,1,3,4,0,0,0,0,1,0,0,0,0,0,0,0,0,0,0,1,0,0,0,0,0,0,0,0,1,1,0,0,0
68,128,1000,0,43300,-66200,8,1,0,3,12460,6230,49840,1.0,0,6,3,0,0,0,0,0,0,0,1,0,0,0,0,0,0,0,0,0,1,0,0,0,1,0,0,0,0,0,0,0
622,27,1000,0,0,0,4,1,2,0,400,400,2400,5.0,0,6,1,0,0,0,0,0,0,0,0,0,0,0,1,0,0,0,0,0,0,0,1,1,0,0,1,0,0,0,0,1
284,189,2000,0,0,-49400,17,3,1,3,13260,13260,53040,2.5,1,6,3,0,1,0,0,0,0,0,0,0,1,0,0,0,0,0,0,0,1,0,0,0,0,0,0,1,0,0,0,1
844,273,1000,0,59600,0,0,3,1,3,7960,3980,27860,5.0,1,2,2,0,0,0,0,0,0,0,0,0,0,1,0,0,0,0,0,0,1,0,0,0,0,0,0,1,0,0,0,1
434,146,2000,0,0,0,12,1,0,3,6660,6660,46620,1.0,0,2,3,0,0,0,0,0,0,0,0,0,1,0,0,0,0,0,0,0,1,0,0,0,1,0,1,0,1,0,0,0
153,431,1000,0,17600,0,13,3,2,3,10540,10540,42160,1.0,1,5,4,0,0,0,1,0,0,0,0,0,0,0,0,0,0,0,0,0,1,0,0,0,0,0,1,0,1,0,0,0
75,120,1000,0,78300,0,22,3,2,0,11380,5690,34140,1.0,1,1,4,0,0,0,0,0,0,0,0,0,0,0,0,0,0,1,0,1,0,0,0,0,0,0,0,0,0,0,0,0
730,116,500,0,28600,0,23,1,0,0,4420,8840,30940,2.5,1,6,3,0,0,0,0,0,0,0,0,0,0,1,0,0,0,0,0,0,0,0,0,0,1,0,0,1,0,0,0,1
446,163,500,6000000,0,-67300,20,1,2,3,4940,9880,34580,2.5,1,4,4,1,1,0,0,0,0,0,0,0,1,0,0,0,0,0,0,0,1,0,0,0,1,0,1,0,1,0,0,0
188,81,500,5000000,51000,-67900,11,3,1,0,13440,6720,53760,1.0,1,1,3,0,0,0,0,0,0,0,0,0,0,0,0,0,1,0,0,0,1,0,0,0,0,0,1,0,0,0,1,0
271,271,1000,0,71200,0,6,1,0,0,560,280,2240,1.0,1,2,2,0,0,0,0,0,0,0,0,1,0,0,0,0,0,0,0,0,0,0,1,1,0,0,1,0,0,1,0,0
236,99,1000,3000000,0,0,17,1,1,1,4570,4570,31990,1.0,0,4,4,1,0,0,1,0,0,0,0,0,0,0,0,0,0,0,0,0,0,1,0,0,1,0,0,0,1,0,0,0
487,69,500,0,0,0,23,3,0,0,12660,6330,44310,5.0,1,1,2,0,0,1,0,0,0,0,0,0,0,0,0,0,0,0,0,1,0,0,0,0,0,0,1,0,0,0,0,1
117,225,2000,0,41200,-36200,20,3,2,2,6400,12800,51200,5.0,0,1,3,0,0,0,0,1,0,0,0,0,0,0,0,0,0,0,0,0,0,1,0,0,0,0,0,1,0,0,0,1
943,421,2000,0,69900,0,22,3,0,0,15700,7850,54950,2.5,1,2,2,1,0,1,0,0,0,0,0,0,0,0,0,0,0,0,0,0,1,0,0,0,0,0,0,0,0,0,0,1
512,194,1000,0,0,0,11,1,2,1,11760,5880,41160,2.5,0,4,4,0,1,0,0,0,0,0,0,1,0,0,0,0,0,0,1,0,0,0,0,0,1,0,1,0,0,0,0,0
825,293,2000,0,34900,0,19,1,1,1,5210,10420,41680,1.0,1,4,4,0,0,0,0,0,0,0,0,0,0,0,0,0,0,1,0,0,0,0,0,0,1,0,0,0,0,0,0,1
591,43,500,0,0,0,16,1,2,1,7270,21810,50890,5.0,1,2,3,0,0,1,0,0,0,0,0,0,0,0,0,0,0,0,1,0,0,0,0,0,1,0,1,0,0,0,0,0
126,166,2000,0,59600,-32100,8,1,0,0,5760,5760,28800,1.0,0,6,4,0,0,0,0,0,0,0,0,0,0,0,1,0,0,0,0,0,0,1,0,0,1,0,0,1,0,0,1,0
116,107,2000,0,62000,-63100,16,1,0,3,9320,9320,32620,5.0,1,7,2,0,0,0,0,0,0,0,1,0,0,0,0,0,0,0,0,1,0,0,0,0,1,0,1,0,0,0,0,1
473,300,1000,0,0,0,3,1,1,0,1180,1180,4720,1.0,1,7,1,0,0,0,0,0,1,0,0,0,0,0,0,0,0,0,0,0,0,0,1,0,0,1,1,0,0,1,0,0
693,134,1000,0,14100,-44500,17,3,2,0,9650,9650,57900,2.5,0,7,2,0,1,0,0,0,0,0,1,0,0,0,0,0,0,0,0,0,0,0,0,0,0,0,0,1,0,0,0,0
57,94,1000,0,0,0,19,1,1,3,300,300,1800,5.0,1,5,2,0,0,0,0,0,0,0,0,0,0,0,0,0,0,0,0,0,1,0,0,1,0,0,1,0,0,1,0,0
863,91,1000,0,52700,0,15,3,0,2,7420,7420,59360,2.5,1,2,2,0,0,1,0,0,0,0,0,0,0,0,0,0,0,0,0,1,0,0,0,0,0,0,0,0,0,0,1,0
912,175,500,0,44900,-52500,15,3,2,1,3880,7760,31040,5.0,0,5,3,1,1,0,0,1,0,0,0,0,0,0,0,0,0,0,1,0,0,0,0,0,0,0,1,0,0,0,0,1
369,309,500,0,69400,0,15,4,0,1,15560,15560,46680,5.0,0,7,3,1,0,0,0,1,0,0,0,0,0,0,0,0,0,0,0,1,0,0,0,0,0,0,1,0,0,0,1,0
268,156,500,0,0,-61000,15,3,0,3,4610,4610,32270,1.0,0,2,3,1,0,0,0,0,0,0,0,0,0,0,1,0,0,0,0,1,0,0,0,0,0,0,1,0,0,0,0,0
46,163,500,0,35300,0,11,3,1,1,0,14020,63090,1.0,1,2,4,1,0,0,0,0,0,0,0,1,0,0,0,0,0,0,0,0,0,0,0,0,0,0,1,0,1,0,0,0
349,230,1000,7000000,68600,-22300,0,1,1,3,14840,14840,44520,1.0,1,6,3,0,0,0,1,0,0,0,0,0,0,0,0,0,0,0,0,0,0,1,0,0,1,0,0,0,1,0,0,0
195,285,1000,0,0,0,17,2,2,3,6960,6960,41760,5.0,0,1,4,1,0,0,0,0,0,1,0,0,0,0,0,0,0,0,0,0,0,0,0,0,0,0,0,1,1,0,0,0
999,456,1000,0,0,0,6,1,0,3,460,920,3680,2.5,1,2,2,0,0,0,0,0,0,0,0,0,0,0,0,1,0,0,0,0,0,0,0,1,0,0,1,0,0,0,0,1
834,132,2000,0,43100,-31900,21,1,1,1,1120,560,3920,2.5,0,7,2,1,1,0,0,0,0,0,0,1,0,0,0,0,0,0,0,0,0,0,1,0,0,1,1,0,0,0,0,1
736,339,500,0,0,0,18,3,2,1,8640,8640,34560,1.0,0,4,4,0,0,0,0,0,0,0,0,1,0,0,0,0,0,0,0,0,0,1,0,0,0,0,1,0,1,0,0,0
263,244,2000,7000000,0,-45000,5,3,1,1,5590,11180,44720,5.0,0,5,2,0,0,1,0,0,0,0,0,0,0,0,0,0,0,0,0,1,0,0,0,0,0,0,0,1,0,0,0,1
443,120,1000,0,77900,0,3,1,2,1,580,580,2610,5.0,1,4,2,0,0,0,0,0,0,0,0,0,0,0,1,0,0,0,1,0,0,0,0,1,0,0,1,0,0,1,0,0
675,4,500,5000000,0,-77800,4,1,0,2,840,420,2940,2.5,0,1,1,0,0,0,0,0,0,0,0,0,0,0,0,0,1,0,0,1,0,0,0,0,0,1,1,0,0,0,0,1
304,286,500,0,54100,-77600,15,3,0,0,13160,6580,46060,2.5,0,1,2,1,0,0,0,0,0,0,0,0,1,0,0,0,0,0,0,0,0,0,0,0,0,0,1,0,0,0,1,0
341,299,2000,0,25000,0,13,1,1,3,12800,12800,44800,1.0,1,2,2,1,0,0,1,0,0,0,0,0,0,0,0,0,0,0,0,0,0,0,1,0,1,0,1,0,0,0,1,0
966,65,2000,5000000,0,0,21,3,0,0,6290,12580,44030,2.5,1,6,2,1,0,0,0,0,0,0,0,0,0,0,0,1,0,0,0,0,1,0,0,0,0,0,1,0,0,0,1,0
149,193,500,0,0,0,1,1,1,0,17280,17280,77760,2.5,1,4,3,0,1,0,1,0,0,0,0,0,0,0,0,0,0,0,1,0,0,0,0,0,1,0,0,1,0,0,1,0
124,211,500,0,0,0,1,1,1,1,7000,7000,28000,1.0,1,4,4,1,0,0,0,0,0,0,0,0,0,1,0,0,0,0,1,0,0,0,0,0,1,0,1,0,0,0,0,0
786,85,2000,0,50400,-61500,14,4,0,0,10740,5370,42960,5.0,0,3,2,1,0,0,0,0,0,0,0,0,1,0,0,0,0,0,0,0,0,1,0,0,0,0,1,0,1,0,0,0
50,430,2000,7000000,0,0,19,3,0,3,16360,8180,57260,2.5,0,6,2,0,1,0,0,0,0,0,0,1,0,0,0,0,0,0,0,0,1,0,0,0,0,0,0,0,1,0,0,0
353,475,500,0,67400,-83200,20,1,0,2,6500,13000,58500,1.0,0,5,2,0,0,0,0,0,0,0,0,0,0,0,0,0,0,0,0,0,1,0,0,0,1,0,0,0,0,0,0,1
927,156,500,0,0,0,15,1,1,3,6790,13580,54320,2.5,0,5,3,1,1,0,0,0,0,0,0,0,0,1,0,0,0,0,0,0,0,1,0,0,1,0,0,0,0,0,1,0
142,122,1000,0,58600,-28700,5,1,2,1,1890,1260,5040,2.5,0,7,2,0,1,0,0,0,0,0,1,0,0,0,0,0,0,0,0,0,1,0,0,1,0,0,1,0,0,1,0,0
470,460,2000,0,62500,0,10,1,2,3,5830,11660,40810,1.0,1,4,3,0,0,0,1,0,0,0,0,0,0,0,0,0,0,0,0,0,0,0,0,0,1,0,0,0,0,0,1,0
399,103,1000,6000000,0,0,21,1,1,0,12820,6410,57690,1.0,0,6,2,0,1,1,0,0,0,0,0,0,0,0,0,0,0,0,0,0,1,0,0,0,1,0,1,0,0,0,0,0
625,422,1000,0,43600,-67800,11,1,1,1,15500,7750,62000,1.0,1,6,3,1,0,0,0,0,0,0,1,0,0,0,0,0,0,0,0,0,1,0,0,0,1,0,0,0,0,0,0,0
320,233,2000,0,61600,-30200,17,1,0,2,13420,6710,60390,1.0,1,1,4,1,1,0,0,0,0,0,0,0,0,0,0,1,0,0,0,0,0,0,1,0,1,0,0,0,1,0,0,0
19,196,2000,0,57000,-27300,8,3,2,0,6040,6040,48320,5.0,1,1,3,0,0,0,0,0,0,1,0,0,0,0,0,0,0,0,0,0,1,0,0,0,0,0,0,1,0,0,0,1
809,110,1000,0,0,0,19,1,2,3,13800,9200,32200,2.5,0,2,3,0,0,0,0,0,0,0,0,1,0,0,0,0,0,0,0,0,0,0,0,0,1,0,1,0,0,0,0,0
790,225,500,0,83900,-52100,6,1,2,1,1060,530,4240,2.5,0,5,1,1,1,0,0,0,0,0,0,0,0,0,0,0,1,0,0,1,0,0,0,1,0,0,1,0,0,1,0,0
808,135,2000,0,0,-69600,7,1,1,2,15640,7820,54740,2.5,1,4,4,0,0,0,0,0,0,0,0,0,0,0,1,0,0,0,0,1,0,0,0,0,1,0,0,1,1,0,0,0
407,269,500,0,54800,-64100,5,3,0,0,2200,4400,17600,5.0,1,1,4,0,0,0,0,0,0,0,1,0,0,0,0,0,0,0,0,0,0,0,1,0,0,0,0,1,0,0,0,1
537,440,500,0,0,-56200,18,3,2,1,6140,6140,49120,2.5,1,2,2,1,0,0,0,0,0,0,0,0,1,0,0,0,0,0,0,1,0,0,0,0,0,0,0,1,0,0,0,1
620,438,500,0,0,0,14,1,0,0,4070,4070,32560,5.0,1,6,2,0,0,0,0,0,0,0,1,0,0,0,0,0,0,0,0,0,0,0,0,0,1,0,0,1,0,0,0,1
38,431,2000,0,65700,0,4,3,2,0,12460,6230,43610,5.0,1,6,3,0,0,0,1,0,0,0,0,0,0,0,0,0,0,0,0,0,0,1,0,0,0,0,1,0,0,0,0,1
175,324,2000,6000000,0,-41300,13,1,1,0,15920,15920,47760,1.0,0,6,2,0,1,0,0,0,0,0,0,0,0,0,0,0,1,0,0,0,0,0,1,0,1,0,1,0,0,0,1,0
245,371,1000,0,60300,-24700,7,1,0,3,7540,15080,52780,5.0,1,2,3,1,1,0,0,0,0,0,0,0,0,0,0,0,1,0,0,1,0,0,0,0,1,0,1,0,1,0,0,0
828,105,500,0,0,0,12,3,2,2,12100,6050,42350,2.5,1,2,3,0,0,0,0,0,0,0,0,0,0,1,0,0,0,0,0,0,1,0,0,0,0,0,1,0,1,0,0,0
667,204,2000,0,0,-49300,7,1,1,1,4200,8400,33600,2.5,0,4,4,1,0,0,0,0,0,0,1,0,0,0,0,0,0,0,0,0,0,0,0,0,1,0,1,0,0,0,0,0
754,54,500,0,68500,-42100,21,3,2,0,14380,7190,57520,1.0,1,6,2,1,0,0,0,0,0,0,0,0,0,0,1,0,0,0,0,0,0,1,0,0,0,0,0,1,1,0,0,0
858,233,1000,0,0,0,17,3,2,3,8500,4250,29750,2.5,1,3,2,0,1,0,0,0,0,0,0,0,0,0,0,0,1,0,0,1,0,0,0,0,0,0,0,1,0,0,1,0
154,101,1000,7000000,52000,-44500,20,3,1,3,9040,9040,36160,1.0,1,5,2,0,0,0,0,0,0,0,0,1,0,0,0,0,0,0,0,0,1,0,0,0,0,0,1,0,0,0,0,0
287,219,500,0,68700,0,6,1,1,0,640,640,5120,1.0,1,2,1,0,0,0,0,0,0,0,0,0,0,0,0,0,0,1,1,0,0,0,0,0,0,1,1,0,0,1,0,0
602,16,1000,0,59300,-31400,0,1,2,1,10000,10000,35000,2.5,0,4,4,0,0,0,0,0,0,0,0,0,0,0,0,1,0,0,0,0,1,0,0,0,1,0,1,0,0,0,1,0
569,165,500,6000000,0,-49900,8,1,1,3,6970,6970,55760,2.5,0,3,4,0,1,0,1,0,0,0,0,0,0,0,0,0,0,0,0,0,1,0,0,0,1,0,0,0,0,0,1,0
743,175,500,5000000,0,-43600,9,3,2,2,13020,6510,52080,5.0,0,7,3,1,1,0,0,1,0,0,0,0,0,0,0,0,0,0,0,0,0,0,0,0,0,0,0,0,0,0,1,0
17,140,500,6000000,53500,0,9,1,0,2,14160,7080,56640,5.0,0,1,4,0,1,0,0,0,0,0,1,0,0,0,0,0,0,0,0,0,0,1,0,0,1,0,0,1,0,0,0,1
127,165,500,0,70500,0,9,1,2,0,330,660,2970,5.0,1,1,2,0,0,0,0,0,0,0,0,0,0,0,0,0,1,0,0,0,1,0,0,1,0,0,1,0,0,0,0,1
322,266,500,0,0,0,4,1,1,2,3280,3280,26240,2.5,0,1,4,0,1,0,0,0,0,1,0,0,0,0,0,0,0,0,0,0,0,0,0,0,1,0,0,0,0,0,0,1
255,461,500,7000000,0,0,7,3,0,1,9840,9840,39360,1.0,1,1,3,0,0,0,0,0,1,0,0,0,0,0,0,0,0,0,0,0,1,0,0,0,0,0,0,1,0,0,0,0
657,252,500,9000000,0,-33300,15,3,0,3,11880,5940,41580,5.0,0,1,2,0,0,0,0,0,0,0,0,0,0,0,0,0,0,1,0,1,0,0,0,0,0,0,0,0,0,0,1,0
964,163,1000,4000000,0,-36400,7,1,2,1,390,780,2730,5.0,1,1,2,0,1,0,1,0,0,0,0,0,0,0,0,0,0,0,0,0,1,0,0,0,0,1,1,0,0,0,0,1
190,449,2000,0,25000,0,8,1,0,1,980,980,3430,2.5,0,2,2,1,1,0,0,0,0,0,0,0,0,0,0,0,1,0,0,0,1,0,0,1,0,0,1,0,0,1,0,0
115,258,1000,10000000,34400,-56800,14,3,0,1,4770,9540,33390,1.0,0,6,4,0,0,0,0,0,0,0,1,0,0,0,0,0,0,0,0,1,0,0,0,0,0,0,0,1,0,0,1,0
616,255,500,0,75800,0,14,2,2,2,7470,14940,52290,5.0,1,4,3,0,0,0,0,0,0,0,0,0,0,0,0,0,0,1,0,0,0,1,0,0,0,0,0,1,1,0,0,0
606,110,1000,0,0,-66200,3,1,0,3,5750,5750,46000,5.0,1,2,4,0,0,0,0,0,0,0,0,0,1,0,0,0,0,0,0,0,1,0,0,0,1,0,0,1,0,0,0,0
180,53,2000,0,72200,0,17,3,2,0,10220,5110,35770,5.0,0,2,3,0,1,0,0,0,0,1,0,0,0,0,0,0,0,0,1,0,0,0,0,0,0,0,0,1,1,0,0,0
301,107,2000,5000000,20000,-82700,21,3,1,2,14420,21630,57680,1.0,0,2,4,1,0,0,0,0,0,1,0,0,0,0,0,0,0,0,0,0,1,0,0,0,0,0,0,1,0,0,0,1
759,155,1000,0,83600,0,0,1,0,3,8060,8060,32240,2.5,1,2,2,0,0,0,0,0,0,0,0,0,0,0,1,0,0,0,1,0,0,0,0,0,1,0,0,0,0,0,0,0
712,456,1000,0,82600,-49500,13,3,1,3,5540,11080,49860,2.5,1,6,3,0,0,0,0,0,0,0,0,0,0,0,1,0,0,0,0,0,1,0,0,0,0,0,0,1,0,0,1,0
723,103,500,0,72100,0,5,1,2,3,790,1580,4740,5.0,0,2,2,0,0,0,0,0,0,0,0,0,0,1,0,0,0,0,0,1,0,0,0,1,0,0,1,0,0,0,0,1
685,334,500,0,26700,-47200,7,1,2,0,5000,10000,35000,5.0,0,5,3,0,0,0,0,0,0,0,0,0,1,0,0,0,0,0,0,0,0,0,1,0,1,0,1,0,1,0,0,0
979,229,1000,0,0,-55400,17,1,0,2,9920,9920,34720,5.0,1,5,4,0,1,0,0,0,1,0,0,0,0,0,0,0,0,0,1,0,0,0,0,0,1,0,1,0,0,0,1,0
517,222,1000,0,87800,-51200,21,3,1,0,14660,14660,58640,2.5,0,1,3,0,0,1,0,0,0,0,0,0,0,0,0,0,0,0,0,0,1,0,0,0,0,0,0,0,1,0,0,0
984,163,1000,0,55700,-49900,1,1,2,1,5710,11420,34260,2.5,0,6,4,1,0,0,0,0,0,0,0,1,0,0,0,0,0,0,0,0,0,0,0,0,1,0,0,1,0,0,0,0
45,265,1000,0,0,0,17,3,2,3,6890,0,48230,2.5,1,6,4,0,0,0,0,0,0,0,0,0,0,0,1,0,0,0,0,0,0,0,0,0,0,0,1,0,0,0,1,0
909,192,1000,0,65100,-50300,10,3,0,2,3070,6140,21490,5.0,1,5,4,0,0,0,0,0,0,0,0,0,0,0,0,0,0,1,1,0,0,0,0,0,0,0,1,0,0,0,1,0
157,428,500,7000000,0,0,8,1,2,3,1300,650,4550,2.5,1,4,2,0,0,0,0,0,0,0,0,0,0,1,0,0,0,0,0,1,0,0,0,1,0,0,1,0,0,1,0,0
851,282,500,0,75800,0,19,1,1,2,4680,9360,32760,2.5,0,6,3,0,0,0,0,0,1,0,0,0,0,0,0,0,0,0,1,0,0,0,0,0,1,0,0,1,0,0,0,0
171,119,2000,0,88800,0,1,1,0,1,6700,6700,40200,2.5,0,1,4,0,1,0,0,0,0,0,1,0,0,0,0,0,0,0,0,0,0,0,0,0,1,0,1,0,0,0,0,0
16,70,1000,5000000,63600,0,0,3,1,2,5790,5790,40530,5.0,0,3,3,0,1,0,0,0,0,0,1,0,0,0,0,0,0,0,0,0,1,0,0,0,0,0,1,0,0,0,1,0
511,283,1000,0,0,-46200,9,1,2,3,820,820,4920,5.0,1,4,1,0,0,0,0,0,0,0,0,0,0,0,0,1,0,0,0,0,0,0,0,1,0,0,1,0,0,0,0,1
48,175,1000,8000000,0,0,5,1,2,0,810,810,5670,5.0,1,7,1,0,1,0,0,0,0,0,0,0,0,0,1,0,0,0,0,1,0,0,0,0,0,1,1,0,0,0,0,1
971,79,500,0,53400,-35200,0,1,2,1,13560,6780,47460,5.0,1,2,4,0,0,0,0,0,0,0,0,0,1,0,0,0,0,0,1,0,0,0,0,0,1,0,0,0,1,0,0,0
940,308,1000,6000000,45700,-41400,7,1,1,1,860,860,3870,1.0,1,2,2,0,1,0,1,0,0,0,0,0,0,0,0,0,0,0,0,0,1,0,0,1,0,0,1,0,0,1,0,0
515,284,1000,0,0,-42400,11,1,0,3,6500,3250,26000,2.5,1,4,4,0,1,0,0,0,0,0,0,0,0,0,0,0,1,0,0,1,0,0,0,0,1,0,0,1,0,0,1,0
952,252,2000,0,0,0,22,3,0,2,14920,14920,59680,5.0,1,4,4,0,0,0,0,0,0,1,0,0,0,0,0,0,0,0,0,0,1,0,0,0,0,0,0,0,0,0,1,0
480,264,500,6000000,0,0,20,3,0,2,12700,6350,50800,1.0,0,3,3,0,0,0,0,1,0,0,0,0,0,0,0,0,0,0,0,0,0,0,1,0,0,0,1,0,1,0,0,0
283,436,2000,5000000,47400,-27600,10,1,0,2,11980,5990,41930,2.5,0,7,3,0,0,0,0,0,0,0,0,0,0,0,0,0,1,0,0,1,0,0,0,0,1,0,1,0,0,0,0,1
718,259,2000,0,0,0,8,1,0,0,16280,16280,73260,2.5,1,5,2,1,1,0,0,1,0,0,0,0,0,0,0,0,0,0,0,0,0,0,0,0,1,0,0,0,0,0,1,0
877,405,1000,4000000,46300,0,21,3,2,3,10240,10240,40960,5.0,0,6,4,0,0,0,0,0,0,0,0,0,1,0,0,0,0,0,0,1,0,0,0,0,0,0,0,0,0,0,1,0
225,245,2000,0,24400,-60500,4,1,0,1,7350,14700,51450,5.0,0,5,4,1,1,0,0,1,0,0,0,0,0,0,0,0,0,0,0,0,0,1,0,0,1,0,0,0,0,0,0,0
26,257,2000,0,0,-29200,4,1,1,3,1640,820,6560,1.0,0,1,2,1,1,0,0,0,0,0,0,0,0,1,0,0,0,0,0,0,1,0,0,1,0,0,1,0,0,0,0,1
954,246,1000,0,0,-36600,16,1,0,3,5020,5020,35140,2.5,1,4,2,1,0,0,1,0,0,0,0,0,0,0,0,0,0,0,0,1,0,0,0,0,1,0,1,0,0,0,0,0
437,255,2000,6000000,68500,0,7,1,2,2,640,1280,4480,5.0,1,7,1,0,0,0,0,0,0,0,0,0,1,0,0,0,0,0,1,0,0,0,0,1,0,0,1,0,0,0,0,1
951,187,1000,5000000,60100,0,21,1,0,3,5770,5770,46160,5.0,1,5,4,0,0,0,0,0,0,0,0,0,0,0,1,0,0,0,1,0,0,0,0,0,1,0,0,1,0,0,0,0
364,291,1000,0,0,-55300,8,1,2,2,620,620,4340,5.0,1,1,2,0,1,0,0,0,0,0,0,0,0,0,0,0,0,0,0,0,1,0,0,1,0,0,1,0,0,0,0,1
229,154,1000,0,0,-67800,2,1,0,3,14460,7230,57840,2.5,1,6,2,0,0,0,0,0,1,0,0,0,0,0,0,0,0,0,0,1,0,0,0,0,1,0,1,0,0,0,1,0
37,289,2000,0,0,0,16,1,1,1,1230,820,3280,5.0,1,4,2,0,1,0,0,0,0,0,0,0,1,0,0,0,0,0,0,0,0,1,0,1,0,0,1,0,0,1,0,0
965,80,1000,0,64600,0,12,1,0,0,9040,9040,72320,1.0,0,5,2,0,0,0,0,0,0,1,0,0,0,0,0,0,0,0,0,1,0,0,0,0,1,0,0,0,0,0,1,0
374,419,2000,6000000,45700,0,17,4,0,0,5190,10380,46710,5.0,0,3,2,0,1,0,0,0,0,0,0,0,0,0,0,0,0,1,0,0,0,1,0,0,0,0,0,1,0,0,0,1
469,35,2000,0,0,-51900,23,3,2,2,5910,11820,35460,1.0,1,7,2,0,0,0,0,0,0,0,0,0,0,0,1,0,0,0,1,0,0,0,0,0,0,0,0,1,1,0,0,0
967,179,1000,6000000,53800,0,4,1,1,2,5420,10840,37940,1.0,1,2,3,1,0,0,0,0,0,0,0,0,0,0,1,0,0,0,0,0,1,0,0,0,1,0,1,0,0,0,0,1
850,13,1000,0,0,-75000,19,3,2,0,8630,8630,77670,1.0,0,2,4,1,1,0,0,0,0,0,0,0,0,1,0,0,0,0,1,0,0,0,0,0,0,0,0,1,0,0,0,1
704,168,1000,0,0,-42600,23,3,1,3,3780,7560,30240,5.0,1,5,3,1,0,0,0,0,0,0,1,0,0,0,0,0,0,0,0,0,1,0,0,0,0,0,1,0,1,0,0,0
841,233,2000,0,0,0,20,3,1,0,5430,5430,38010,5.0,0,4,2,0,1,0,1,0,0,0,0,0,0,0,0,0,0,0,0,0,0,1,0,0,0,0,1,0,1,0,0,0
194,73,2000,4000000,29300,0,9,3,0,1,5020,0,35140,2.5,0,6,4,0,1,0,0,0,1,0,0,0,0,0,0,0,0,0,1,0,0,0,0,0,0,0,1,0,0,0,1,0
854,30,500,0,0,-63500,17,3,2,2,5790,5790,46320,5.0,1,3,4,0,0,0,0,0,0,0,1,0,0,0,0,0,0,0,0,0,0,0,1,0,0,0,0,1,0,0,0,1
864,398,2000,0,21500,0,16,1,2,1,5270,5270,36890,1.0,1,2,4,1,0,0,0,0,0,0,0,0,1,0,0,0,0,0,0,0,0,1,0,0,1,0,0,0,1,0,0,0
503,289,500,8000000,0,-42700,1,1,1,0,8580,0,34320,5.0,1,7,4,0,0,0,0,0,0,1,0,0,0,0,0,0,0,0,0,0,1,0,0,0,1,0,0,0,0,0,1,0
969,398,500,0,69400,0,7,1,2,3,600,1200,4800,2.5,0,1,1,0,0,0,0,0,0,0,0,0,0,0,0,0,0,0,0,0,0,1,0,0,0,1,1,0,0,0,0,1
830,148,1000,5000000,55100,0,0,1,2,0,5550,11100,44400,5.0,1,6,4,0,0,0,0,0,0,0,0,0,0,0,0,0,0,0,0,0,1,0,0,0,1,0,0,1,0,0,0,1
579,51,500,0,0,0,23,1,2,3,6420,19260,38520,5.0,0,7,3,0,0,0,0,0,0,0,1,0,0,0,0,0,0,0,0,0,0,1,0,0,1,0,0,1,1,0,0,0
968,372,2000,0,0,0,18,3,2,2,5180,10360,36260,5.0,1,6,3,0,1,0,0,0,0,0,0,0,0,0,0,0,1,0,0,1,0,0,0,0,0,0,0,1,0,0,0,1
162,295,1000,0,49700,-59100,20,2,2,1,13240,13240,59580,5.0,1,6,4,0,1,0,0,1,0,0,0,0,0,0,0,0,0,0,0,0,0,1,0,0,0,0,0,1,0,0,0,0
908,285,2000,0,52600,0,3,1,1,0,500,500,4500,2.5,0,6,2,1,0,0,0,0,0,0,0,0,1,0,0,0,0,0,1,0,0,0,0,0,0,1,1,0,0,0,0,1
152,104,500,0,31900,-44600,23,3,1,3,9780,9780,44010,2.5,0,1,4,1,1,0,0,1,0,0,0,0,0,0,0,0,0,0,0,0,1,0,0,0,0,0,1,0,0,0,0,1
801,140,500,0,43200,0,10,3,2,0,7950,7950,63600,2.5,1,4,2,0,1,1,0,0,0,0,0,0,0,0,0,0,0,0,1,0,0,0,0,0,0,0,1,0,0,0,1,0
993,124,1000,0,0,-32100,20,3,0,1,6020,6020,48160,2.5,0,6,4,0,0,0,0,1,0,0,0,0,0,0,0,0,0,0,0,0,0,0,0,0,0,0,0,1,0,0,1,0
755,144,500,0,0,0,3,3,0,0,17580,8790,61530,1.0,0,1,3,0,0,0,0,0,0,0,1,0,0,0,0,0,0,0,0,0,0,0,1,0,0,0,0,1,0,0,0,1
111,453,500,6000000,52600,-38800,0,1,0,0,14000,7000,49000,1.0,0,7,3,1,0,0,1,0,0,0,0,0,0,0,0,0,0,0,0,0,0,1,0,0,1,0,0,0,1,0,0,0
226,371,1000,7000000,0,-37100,2,2,2,0,6840,13680,68400,2.5,1,1,2,1,0,0,0,0,0,0,0,1,0,0,0,0,0,0,0,0,1,0,0,0,0,0,1,0,0,0,1,0
688,290,1000,0,0,-61400,20,3,1,3,6240,12480,37440,2.5,0,1,2,1,1,0,0,1,0,0,0,0,0,0,0,0,0,0,0,1,0,0,0,0,0,0,0,1,0,0,0,0
103,165,1000,0,35300,-58100,3,1,1,1,330,330,2310,1.0,1,2,2,0,0,0,0,0,0,0,0,0,0,0,0,0,1,0,0,1,0,0,0,1,0,0,1,0,0,0,0,1
421,147,1000,0,0,0,22,1,1,0,13520,20280,47320,2.5,0,6,4,0,0,0,0,0,0,0,0,0,0,1,0,0,0,0,0,1,0,0,0,0,1,0,0,0,0,0,0,0
419,138,500,5000000,56900,-56900,6,1,2,0,14740,14740,66330,2.5,1,4,2,0,0,0,0,1,0,0,0,0,0,0,0,0,0,0,0,0,1,0,0,0,1,0,0,1,0,0,1,0
750,76,500,5000000,39900,-44000,7,1,2,1,1460,730,5840,5.0,1,2,2,0,0,0,0,0,0,0,0,0,1,0,0,0,0,0,1,0,0,0,0,0,0,1,1,0,0,0,0,1
586,150,1000,0,40100,0,7,1,1,3,510,510,3570,1.0,0,3,1,1,1,0,0,0,0,0,0,0,0,0,0,1,0,0,0,0,1,0,0,0,0,1,1,0,0,0,0,1
780,476,1000,0,42800,-68200,10,1,1,2,8980,4490,35920,2.5,1,5,4,0,1,0,0,0,0,1,0,0,0,0,0,0,0,0,1,0,0,0,0,0,1,0,0,0,1,0,0,0
672,61,2000,0,0,0,1,3,1,0,4040,4040,24240,1.0,1,5,2,1,0,0,0,0,0,0,0,1,0,0,0,0,0,0,1,0,0,0,0,0,0,0,1,0,0,0,0,0
119,245,500,8000000,58000,0,7,3,0,1,13240,6620,52960,2.5,1,2,2,0,0,0,0,0,0,0,0,0,0,0,0,0,0,0,0,0,0,0,0,0,0,0,1,0,0,0,0,1
53,223,500,0,88400,-46500,7,3,1,0,12820,12820,44870,1.0,1,4,3,1,0,0,0,0,0,0,0,0,1,0,0,0,0,0,0,0,0,0,0,0,0,0,0,1,0,0,0,1
151,288,1000,0,0,0,4,3,2,1,10680,5340,32040,1.0,0,5,3,0,0,0,0,0,0,0,0,0,1,0,0,0,0,0,0,0,0,0,0,0,0,0,1,0,1,0,0,0
403,344,2000,0,0,0,14,1,0,2,7530,15060,60240,1.0,0,2,2,0,0,0,0,0,0,0,0,0,0,0,0,1,0,0,0,1,0,0,0,0,1,0,0,1,0,0,0,0
945,412,500,0,0,-66100,19,3,0,2,15120,7560,45360,2.5,0,1,4,0,0,0,0,0,0,1,0,0,0,0,0,0,0,0,0,0,1,0,0,0,0,0,0,0,0,0,0,1
207,124,500,0,0,0,14,3,0,3,7200,7200,57600,5.0,0,5,3,0,1,0,0,0,0,1,0,0,0,0,0,0,0,0,0,0,0,0,0,0,0,0,0,1,0,0,0,1
658,303,1000,7000000,42900,-61500,20,1,2,0,6690,6690,46830,5.0,1,2,2,0,0,0,0,0,0,0,1,0,0,0,0,0,0,0,0,1,0,0,0,0,1,0,1,0,1,0,0,0
843,297,1000,0,0,-71400,18,3,0,2,6870,0,48090,5.0,0,5,3,0,0,0,0,0,0,0,0,0,0,0,1,0,0,0,0,0,0,0,1,0,0,0,0,0,0,0,1,0
762,264,500,6000000,0,0,0,3,2,1,13500,6750,40500,1.0,0,7,3,0,0,0,1,0,0,0,0,0,0,0,0,0,0,0,0,0,0,0,1,0,0,0,1,0,0,0,1,0
8,27,500,0,0,0,21,1,1,1,2770,2770,22160,1.0,1,7,4,0,1,0,0,0,0,0,0,1,0,0,0,0,0,0,0,0,1,0,0,0,1,0,0,0,0,0,0,1
807,186,2000,0,80900,-111100,1,3,2,3,12300,12300,49200,2.5,1,4,2,0,0,0,0,0,0,0,0,0,0,0,1,0,0,0,0,0,0,1,0,0,0,0,1,0,0,0,0,0
36,62,1000,0,0,0,3,1,1,1,6020,6020,48160,1.0,1,5,4,0,1,0,0,0,0,0,0,0,0,0,1,0,0,0,0,0,0,1,0,0,1,0,1,0,0,0,0,1
452,101,1000,0,12100,0,3,1,1,0,780,390,3120,5.0,1,3,1,1,0,0,0,0,0,0,0,0,1,0,0,0,0,0,0,0,0,1,0,1,0,0,1,0,0,1,0,0
651,103,1000,0,0,-74800,11,3,1,1,7770,15540,54390,1.0,1,3,2,1,0,0,0,0,0,1,0,0,0,0,0,0,0,0,0,0,0,0,0,0,0,0,0,0,0,0,0,1
253,440,500,0,41500,-70200,21,1,2,3,5960,5960,41720,2.5,0,7,3,0,0,0,0,0,0,0,0,0,0,0,0,0,0,1,0,0,0,0,1,0,1,0,0,1,1,0,0,0
303,267,500,5000000,0,-35200,5,1,0,2,1260,630,3780,2.5,0,4,1,0,0,0,0,0,0,0,0,0,0,0,0,0,0,1,0,0,0,0,1,1,0,0,1,0,0,0,0,1
746,255,500,0,38200,0,17,3,0,3,2930,5860,20510,2.5,1,7,4,1,0,1,0,0,0,0,0,0,0,0,0,0,0,0,1,0,0,0,0,0,0,0,0,1,1,0,0,0
571,241,1000,0,0,-54900,20,3,0,2,4690,4690,28140,2.5,1,4,2,0,1,0,0,0,0,0,0,0,0,0,0,0,0,0,0,0,1,0,0,0,0,0,0,1,0,0,0,1
623,206,1000,0,0,-74200,2,1,1,1,7180,14360,57440,5.0,0,1,3,0,0,0,0,0,0,0,1,0,0,0,0,0,0,0,0,0,0,1,0,0,1,0,1,0,1,0,0,0
732,96,2000,0,10000,0,9,1,2,3,7120,14240,56960,2.5,1,2,4,1,0,0,0,0,0,0,0,0,0,1,0,0,0,0,0,0,0,0,0,0,1,0,0,0,0,0,0,0
891,479,1000,0,0,-44800,9,2,0,3,5390,10780,37730,5.0,1,6,4,0,0,0,0,1,0,0,0,0,0,0,0,0,0,0,0,1,0,0,0,0,0,0,1,0,0,0,1,0
262,232,500,8000000,0,-33600,17,3,0,1,7060,14120,49420,2.5,0,3,3,0,0,0,0,0,0,0,1,0,0,0,0,0,0,0,0,0,0,0,0,0,0,0,1,0,0,0,0,0
610,303,1000,0,0,0,3,3,1,0,9980,4990,39920,1.0,0,5,2,0,0,0,0,0,0,0,1,0,0,0,0,0,0,0,0,0,0,0,0,0,0,0,1,0,1,0,0,0
297,247,500,0,0,0,3,1,2,3,600,0,2700,1.0,1,3,1,0,0,0,0,0,0,1,0,0,0,0,0,0,0,0,0,0,0,0,1,1,0,0,1,0,0,0,0,1
414,210,1000,0,0,0,4,1,1,2,780,780,6240,5.0,0,2,2,1,0,1,0,0,0,0,0,0,0,0,0,0,0,0,0,0,0,1,0,0,0,1,1,0,0,1,0,0
150,134,1000,0,0,0,17,1,1,0,7520,15040,60160,1.0,1,7,4,0,0,0,0,0,1,0,0,0,0,0,0,0,0,0,0,0,0,0,1,0,1,0,0,1,0,0,1,0
788,119,500,0,57100,0,7,1,2,1,8280,8280,28980,2.5,1,3,3,1,1,0,0,0,0,0,0,0,0,0,0,0,1,0,0,0,0,0,1,0,1,0,0,0,1,0,0,0
640,182,2000,0,53800,-78300,18,1,2,3,8150,16300,65200,5.0,1,5,4,0,1,1,0,0,0,0,0,0,0,0,0,0,0,0,0,0,0,0,0,0,1,0,0,1,0,0,0,1
889,191,2000,0,0,0,19,3,2,0,10240,5120,40960,1.0,1,5,3,0,0,0,1,0,0,0,0,0,0,0,0,0,0,0,1,0,0,0,0,0,0,0,0,1,0,0,0,0
550,153,500,0,52300,-55600,5,3,0,3,4250,4250,34000,5.0,0,1,4,0,0,0,0,0,0,0,0,0,0,0,0,0,0,1,0,0,0,1,0,0,0,0,0,1,0,0,0,0
886,141,1000,0,78800,0,13,1,1,0,6860,6860,48020,2.5,1,1,4,0,1,0,1,0,0,0,0,0,0,0,0,0,0,0,0,1,0,0,0,0,1,0,0,0,1,0,0,0
488,294,500,0,0,0,8,1,0,3,11960,11960,41860,1.0,0,3,4,0,1,0,0,0,0,0,0,0,0,1,0,0,0,0,0,0,1,0,0,0,1,0,0,1,0,0,1,0
147,209,500,0,58100,0,21,1,1,1,4730,4730,37840,1.0,1,6,2,0,0,0,0,0,0,0,0,1,0,0,0,0,0,0,0,1,0,0,0,0,1,0,0,0,1,0,0,0
146,214,500,4000000,0,-57100,13,3,2,0,12800,6400,44800,5.0,0,5,3,0,0,0,0,0,0,0,0,0,0,0,0,0,1,0,1,0,0,0,0,0,0,0,0,1,1,0,0,0
720,437,2000,0,66100,-31400,23,1,0,0,11160,11160,33480,5.0,0,2,4,1,0,0,1,0,0,0,0,0,0,0,0,0,0,0,0,0,1,0,0,0,1,0,0,0,0,0,0,0
931,123,2000,0,16100,-61200,13,3,1,1,6140,0,49120,5.0,1,3,4,0,0,0,0,0,0,0,0,0,0,0,0,1,0,0,0,0,0,0,0,0,0,0,0,1,1,0,0,0
739,194,1000,0,55300,-37900,0,1,0,3,1400,1400,6300,1.0,0,2,2,1,0,0,0,0,0,0,0,0,0,0,0,1,0,0,1,0,0,0,0,0,0,1,1,0,0,1,0,0
659,101,500,0,52600,-30400,4,1,0,3,8720,4360,30520,2.5,0,4,2,0,1,0,0,0,0,0,0,0,0,0,0,1,0,0,0,1,0,0,0,0,1,0,0,0,0,0,0,0
348,15,1000,0,56700,0,21,3,1,0,12300,6150,49200,1.0,0,4,4,1,0,0,0,0,0,0,0,0,0,0,0,0,1,0,1,0,0,0,0,0,0,0,0,1,0,0,1,0
463,218,500,0,37900,-72900,14,3,2,0,15380,7690,61520,1.0,0,4,4,0,0,0,0,0,0,0,0,0,0,1,0,0,0,0,0,0,0,0,1,0,0,0,0,1,0,0,0,1
325,399,2000,0,0,-65400,23,3,1,1,17680,8840,61880,5.0,0,4,4,1,1,0,0,0,0,0,0,0,0,0,0,0,1,0,1,0,0,0,0,0,0,0,0,1,0,0,0,1
186,177,2000,0,0,-57700,22,3,1,1,2250,2250,13500,1.0,1,4,4,0,0,0,0,0,0,0,0,0,0,0,0,0,1,0,0,0,0,1,0,0,0,0,0,0,0,0,0,0
123,22,2000,0,51100,0,0,4,1,0,8570,17140,51420,2.5,1,3,4,1,0,0,0,0,0,0,0,0,0,1,0,0,0,0,0,1,0,0,0,0,0,0,0,0,0,0,1,0
853,266,2000,0,0,-41400,18,1,1,3,7590,15180,60720,1.0,0,2,2,0,1,0,0,0,0,1,0,0,0,0,0,0,0,0,0,0,0,0,0,0,1,0,0,0,1,0,0,0
608,267,2000,0,0,0,4,4,2,1,15420,7710,53970,1.0,1,6,4,0,0,0,0,0,0,0,0,0,0,0,0,0,0,0,0,0,0,0,1,0,0,0,0,0,0,0,0,1
143,22,2000,6000000,0,-56200,14,1,2,3,7080,14160,49560,2.5,0,6,3,0,0,0,0,1,0,0,0,0,0,0,0,0,0,0,0,1,0,0,0,0,1,0,1,0,0,0,0,0
958,41,1000,0,35400,0,13,3,1,3,9600,4800,33600,1.0,0,5,3,0,0,0,0,0,0,0,0,0,1,0,0,0,0,0,0,0,0,0,1,0,0,0,0,0,1,0,0,0
197,223,500,0,0,0,6,1,0,3,650,650,3900,2.5,1,6,1,1,0,0,0,0,0,0,0,0,0,0,0,0,0,0,1,0,0,0,0,1,0,0,1,0,0,1,0,0
609,463,500,0,0,0,14,1,2,0,6600,6600,46200,2.5,0,5,2,0,1,0,0,0,0,0,0,0,1,0,0,0,0,0,0,0,0,0,1,0,1,0,0,0,0,0,0,1
279,32,500,6000000,0,0,15,3,2,1,14180,7090,49630,1.0,1,3,2,1,1,0,0,0,0,0,0,1,0,0,0,0,0,0,0,0,1,0,0,0,0,0,0,1,0,0,0,1
293,147,1000,0,0,-48300,13,1,2,2,15540,15540,69930,5.0,0,1,2,1,0,0,0,0,0,0,0,0,0,0,0,1,0,0,0,0,0,0,1,0,1,0,0,1,1,0,0,0
400,369,2000,0,0,0,10,2,1,3,7090,14180,56720,2.5,1,5,4,1,0,0,0,0,0,0,0,0,1,0,0,0,0,0,1,0,0,0,0,0,0,0,0,0,0,0,0,1
122,203,500,0,0,0,7,1,0,1,0,6160,49280,2.5,1,5,3,0,1,0,0,0,0,0,0,1,0,0,0,0,0,0,1,0,0,0,0,0,1,0,0,0,0,0,0,0
183,86,500,7000000,0,-30300,11,1,1,1,14880,7440,59520,1.0,0,4,2,0,1,0,0,0,0,0,0,0,0,0,0,0,1,0,0,1,0,0,0,0,1,0,1,0,0,0,0,1
202,219,2000,7000000,0,0,6,1,0,2,740,740,4440,2.5,1,1,1,0,0,0,0,0,0,0,0,0,0,0,1,0,0,0,0,0,0,1,0,1,0,0,1,0,0,0,0,1
438,211,1000,0,0,0,3,1,1,1,580,290,2320,5.0,1,7,1,0,0,0,0,0,0,0,0,1,0,0,0,0,0,0,0,0,1,0,0,0,0,1,1,0,0,0,0,1
246,2,1000,0,0,0,19,1,0,2,6460,6460,45220,2.5,1,4,2,1,1,0,0,0,0,0,1,0,0,0,0,0,0,0,1,0,0,0,0,0,1,0,0,1,1,0,0,0
415,108,2000,4000000,63900,-43700,23,1,1,3,5570,11140,44560,5.0,1,1,4,0,0,0,0,0,0,0,1,0,0,0,0,0,0,0,0,0,0,1,0,0,1,0,0,0,0,0,1,0
932,243,500,0,33200,0,4,3,2,1,5140,10280,35980,2.5,0,4,2,0,1,0,1,0,0,0,0,0,0,0,0,0,0,0,0,1,0,0,0,0,0,0,0,1,0,0,1,0
765,188,500,0,46300,0,6,1,2,0,5000,5000,35000,1.0,1,4,4,0,1,0,0,0,0,0,0,0,0,0,0,0,0,0,0,0,1,0,0,0,1,0,1,0,0,0,0,0
906,225,1000,0,0,-20900,16,3,2,0,6440,6440,51520,1.0,0,4,3,0,1,0,0,0,0,0,0,0,1,0,0,0,0,0,0,0,1,0,0,0,0,0,1,0,0,0,0,1
835,370,2000,7000000,0,-53200,6,1,0,2,900,1800,6300,5.0,0,4,2,0,0,0,0,0,0,0,0,1,0,0,0,0,0,0,0,0,0,0,1,0,0,1,1,0,0,1,0,0
887,441,500,4000000,24000,-50500,4,1,0,0,640,640,5120,2.5,0,3,2,0,0,1,0,0,0,0,0,0,0,0,0,0,0,0,0,0,0,0,0,1,0,0,1,0,0,1,0,0
129,81,1000,6000000,42400,0,0,3,1,2,4970,4970,34790,2.5,1,5,3,0,0,0,0,0,0,0,0,0,0,0,0,1,0,0,0,0,0,0,0,0,0,0,0,0,1,0,0,0
637,292,1000,0,0,0,4,1,0,2,670,1340,5360,5.0,0,5,1,0,0,0,1,0,0,0,0,0,0,0,0,0,0,0,0,0,0,1,0,0,0,1,1,0,0,0,0,1
402,159,2000,0,69200,-36900,23,3,2,0,8160,4080,32640,1.0,1,3,3,1,0,0,1,0,0,0,0,0,0,0,0,0,0,0,0,0,0,0,0,0,0,0,1,0,0,0,0,0
784,335,2000,0,59900,-34800,21,3,0,0,3260,6520,26080,5.0,1,6,4,0,1,0,0,0,0,0,1,0,0,0,0,0,0,0,0,0,0,0,1,0,0,0,0,0,0,0,0,1
770,255,500,0,0,-52600,2,3,1,0,5260,10520,42080,2.5,1,4,2,0,0,0,0,0,0,0,0,0,0,1,0,0,0,0,0,0,1,0,0,0,0,0,0,0,1,0,0,0
735,293,1000,0,51500,0,13,3,1,1,11380,5690,34140,1.0,1,6,4,0,0,0,0,1,0,0,0,0,0,0,0,0,0,0,0,0,0,1,0,0,0,0,0,0,1,0,0,0
913,259,2000,0,30100,0,23,1,1,1,7980,7980,71820,5.0,0,6,2,0,0,0,1,0,0,0,0,0,0,0,0,0,0,0,1,0,0,0,0,0,1,0,0,1,1,0,0,0
219,281,1000,6000000,0,0,21,3,1,0,9260,9260,41670,1.0,0,3,2,0,0,0,0,0,0,0,0,0,1,0,0,0,0,0,0,1,0,0,0,0,0,0,0,1,1,0,0,0
641,362,1000,0,44400,-71500,0,3,0,3,0,0,39690,1.0,1,4,4,0,0,0,0,0,0,0,0,1,0,0,0,0,0,0,0,0,0,1,0,0,0,0,1,0,0,0,0,1
915,231,500,0,0,0,14,1,2,0,0,7910,63280,2.5,1,1,3,1,0,0,0,0,0,0,0,0,0,0,0,1,0,0,0,0,0,0,1,0,1,0,1,0,1,0,0,0
752,405,500,0,57100,0,2,4,0,2,4830,4830,28980,2.5,0,7,2,1,0,0,0,0,0,0,1,0,0,0,0,0,0,0,0,0,0,1,0,0,0,0,1,0,1,0,0,0
806,45,1000,0,0,0,1,1,0,1,10440,5220,36540,2.5,0,3,3,1,1,0,0,0,0,0,0,0,0,1,0,0,0,0,0,0,0,0,1,0,1,0,0,1,1,0,0,0
919,188,1000,0,0,-68800,8,3,1,0,13820,6910,55280,2.5,0,1,2,1,0,0,0,0,0,0,0,0,0,0,1,0,0,0,0,0,1,0,0,0,0,0,1,0,0,0,0,1
624,127,500,0,58200,0,10,1,1,0,560,1120,4480,5.0,0,2,2,1,0,0,0,0,0,0,0,0,0,0,0,1,0,0,1,0,0,0,0,1,0,0,1,0,0,1,0,0
874,228,500,0,35200,0,10,1,1,0,6610,6610,46270,5.0,1,4,2,1,1,0,0,0,0,0,0,0,0,0,0,1,0,0,0,0,0,0,0,0,1,0,0,1,0,0,1,0
760,78,1000,0,72600,0,1,3,2,1,5810,11620,34860,2.5,1,5,2,0,0,1,0,0,0,0,0,0,0,0,0,0,0,0,0,0,0,1,0,0,0,0,0,1,0,0,1,0
386,236,1000,0,0,-62500,16,1,0,1,16710,5570,44560,2.5,1,3,3,0,0,0,0,0,0,0,0,1,0,0,0,0,0,0,1,0,0,0,0,0,1,0,0,1,0,0,0,0
972,232,2000,0,25800,0,22,1,1,1,5540,11080,38780,2.5,0,3,3,0,1,0,0,0,0,0,0,1,0,0,0,0,0,0,0,0,0,0,1,0,1,0,1,0,1,0,0,0
509,126,2000,0,55300,-58400,16,3,2,0,6180,12360,55620,5.0,0,3,4,1,0,0,0,0,0,0,0,0,0,0,0,1,0,0,0,0,0,1,0,0,0,0,1,0,0,0,0,1
267,35,2000,0,52100,-46900,22,3,0,0,15660,7830,54810,5.0,1,4,2,0,0,0,0,0,0,1,0,0,0,0,0,0,0,0,0,0,0,1,0,0,0,0,1,0,1,0,0,0
819,356,2000,0,0,0,5,1,0,3,5590,11180,44720,2.5,0,1,2,1,0,0,0,0,0,0,0,0,0,1,0,0,0,0,0,0,0,0,0,0,1,0,0,1,0,0,1,0
441,303,500,0,54600,-45500,17,3,0,3,13660,13660,54640,1.0,0,6,4,0,0,0,0,0,0,0,0,0,0,0,0,0,1,0,0,0,1,0,0,0,0,0,0,0,0,0,1,0
496,321,2000,6000000,0,-39100,7,1,1,2,520,0,4160,5.0,0,2,1,0,0,0,0,0,0,0,1,0,0,0,0,0,0,0,0,0,0,0,0,0,0,1,1,0,0,0,0,1
112,210,500,0,0,-41000,12,3,2,0,14740,14740,51590,5.0,0,1,4,0,0,0,0,1,0,0,0,0,0,0,0,0,0,0,0,1,0,0,0,0,0,0,1,0,0,0,1,0
691,199,1000,0,0,-53100,6,1,0,2,8080,4040,32320,2.5,1,1,3,0,0,0,0,0,0,0,0,0,0,0,0,0,1,0,0,1,0,0,0,0,1,0,0,0,0,0,0,1
232,235,500,0,39900,-60200,7,4,2,1,6910,6910,55280,2.5,1,5,4,0,1,0,0,0,0,0,1,0,0,0,0,0,0,0,0,0,0,0,0,0,0,0,0,1,0,0,1,0
869,80,500,0,0,-51000,16,3,1,3,3710,7420,29680,5.0,0,4,3,1,0,0,0,0,1,0,0,0,0,0,0,0,0,0,0,0,0,0,0,0,0,0,1,0,0,0,0,1
607,236,1000,4000000,0,-63900,17,1,0,0,870,1740,6090,2.5,1,5,2,1,0,0,0,1,0,0,0,0,0,0,0,0,0,0,0,0,0,0,1,1,0,0,1,0,0,0,0,1
671,250,2000,0,37800,0,2,1,0,3,10700,10700,42800,5.0,0,5,2,0,0,0,0,0,0,0,0,0,0,0,0,1,0,0,0,1,0,0,0,0,1,0,0,0,1,0,0,0
373,140,2000,6000000,59000,0,2,1,1,2,680,680,4760,2.5,1,4,2,1,0,1,0,0,0,0,0,0,0,0,0,0,0,0,0,0,0,0,1,1,0,0,1,0,0,1,0,0
981,50,2000,0,0,-65800,15,3,1,2,6110,12220,42770,2.5,0,3,4,0,0,0,0,0,0,1,0,0,0,0,0,0,0,0,0,0,0,1,0,0,0,0,0,0,0,0,0,1
842,274,500,0,0,0,7,1,2,1,860,860,3870,5.0,1,4,2,0,0,0,0,0,0,0,0,0,0,0,0,0,1,0,0,0,0,0,0,0,0,1,1,0,0,0,0,1
233,172,2000,0,63600,-68700,19,3,2,0,14500,14500,50750,1.0,0,6,3,0,0,0,0,0,0,1,0,0,0,0,0,0,0,0,0,0,1,0,0,0,0,0,1,0,0,0,0,1
785,257,2000,0,46100,-46900,3,3,2,1,7700,3850,38500,1.0,0,2,3,1,0,0,0,0,0,0,1,0,0,0,0,0,0,0,0,0,0,0,0,0,0,0,0,0,0,0,0,0
676,32,500,0,0,-45700,11,3,2,0,10540,5270,42160,1.0,0,6,2,1,0,0,0,0,0,0,0,0,0,0,0,0,0,0,0,0,1,0,0,0,0,0,0,0,0,0,0,0
317,275,2000,0,39400,-63900,8,3,1,1,5360,10720,48240,5.0,1,2,4,1,0,0,0,0,0,0,0,0,0,0,0,0,0,0,0,0,0,0,1,0,0,0,0,1,0,0,0,0
648,112,1000,0,57800,-53700,4,1,0,2,460,920,3680,5.0,0,2,1,0,0,0,0,0,0,0,0,1,0,0,0,0,0,0,0,1,0,0,0,1,0,0,1,0,0,1,0,0
410,283,2000,0,0,-50400,9,1,0,3,1300,650,3900,1.0,1,2,2,0,0,0,0,0,0,0,0,0,0,0,0,0,0,0,1,0,0,0,0,1,0,0,1,0,0,1,0,0
898,237,500,0,53200,0,23,1,0,1,0,11840,47360,2.5,1,7,3,0,0,0,0,0,0,0,0,0,0,0,0,1,0,0,0,0,0,0,0,0,1,0,1,0,0,0,0,1
709,276,2000,0,0,-70400,17,1,1,2,5710,5710,39970,1.0,0,3,2,0,0,0,0,0,0,1,0,0,0,0,0,0,0,0,0,0,0,0,0,0,1,0,0,0,0,0,0,0
358,177,1000,0,0,-13200,22,1,1,3,20700,13800,48300,1.0,0,3,3,0,0,0,0,0,0,0,0,0,0,0,0,0,0,0,0,0,0,0,1,0,1,0,0,1,0,0,0,0
258,244,500,0,0,0,2,1,1,3,660,660,4620,1.0,1,6,1,1,1,0,0,0,0,0,0,0,0,0,0,1,0,0,0,0,0,0,0,0,0,1,1,0,0,0,0,1
744,373,500,0,0,0,21,4,0,2,6060,12120,42420,2.5,0,6,3,0,0,0,0,0,0,0,0,0,0,0,0,1,0,0,0,0,1,0,0,0,0,0,1,0,0,0,1,0
627,228,500,0,43700,0,20,1,0,2,1100,1100,3850,1.0,0,2,1,0,0,0,0,1,0,0,0,0,0,0,0,0,0,0,0,0,0,0,0,1,0,0,1,0,0,0,0,1
632,287,1000,0,0,-54600,19,1,0,2,5380,5380,43040,5.0,0,5,2,0,0,0,0,0,0,0,0,0,0,0,0,0,0,1,1,0,0,0,0,0,1,0,0,0,1,0,0,0
282,201,2000,0,0,0,14,1,0,0,1240,1240,4340,2.5,1,7,2,1,1,0,0,0,0,0,0,0,0,0,0,0,0,1,1,0,0,0,0,0,0,1,1,0,0,0,0,1
376,72,500,0,0,-85900,9,1,1,0,6620,6620,52960,5.0,1,2,3,0,0,0,1,0,0,0,0,0,0,0,0,0,0,0,0,0,1,0,0,0,1,0,1,0,0,0,0,0
384,254,2000,0,0,0,16,1,2,2,18220,18220,63770,2.5,1,5,2,0,1,0,0,0,0,0,0,0,0,0,1,0,0,0,0,0,1,0,0,0,1,0,0,0,0,0,0,1
224,241,2000,0,0,0,23,3,0,3,12980,12980,51920,1.0,1,2,3,0,1,0,0,0,0,0,0,0,0,0,0,0,1,0,1,0,0,0,0,0,0,0,0,1,1,0,0,0
953,229,2000,0,42600,-44400,3,1,1,0,420,840,3360,2.5,0,1,2,0,1,0,0,0,0,0,0,0,0,0,1,0,0,0,1,0,0,0,0,0,0,1,1,0,0,1,0,0
814,57,2000,0,63100,-54100,0,3,0,1,14580,14580,43740,5.0,1,5,4,0,1,0,0,0,0,0,0,0,0,0,0,0,1,0,0,0,1,0,0,0,0,0,0,0,0,0,0,0
472,360,1000,0,0,-62400,15,3,2,0,15080,15080,60320,2.5,0,7,4,0,1,1,0,0,0,0,0,0,0,0,0,0,0,0,1,0,0,0,0,0,0,0,0,1,0,0,0,0
347,257,2000,6000000,46400,-74300,12,1,2,2,10540,5270,47430,5.0,1,7,4,0,1,0,0,0,0,1,0,0,0,0,0,0,0,0,0,0,0,0,0,0,1,0,0,0,0,0,1,0
505,334,1000,6000000,0,0,2,1,2,1,12740,6370,38220,1.0,0,6,2,0,0,0,0,0,0,0,0,0,0,0,0,1,0,0,0,1,0,0,0,0,1,0,1,0,0,0,0,1
639,290,500,5000000,45300,0,20,2,1,1,5190,5190,31140,2.5,0,2,2,0,0,0,0,0,0,0,0,0,0,0,0,0,0,0,1,0,0,0,0,0,0,0,0,1,1,0,0,0
987,235,2000,4000000,0,0,10,1,0,3,9280,9280,41760,5.0,0,4,3,0,0,0,1,0,0,0,0,0,0,0,0,0,0,0,0,1,0,0,0,0,1,0,0,1,0,0,1,0
928,84,2000,0,0,-15900,9,1,1,3,420,840,3360,5.0,0,2,1,1,0,0,0,0,0,0,0,0,1,0,0,0,0,0,0,1,0,0,0,0,0,1,1,0,0,0,0,1
905,121,1000,0,51300,0,15,3,1,2,6430,6430,51440,1.0,0,2,3,0,0,0,0,0,0,0,0,0,0,0,0,0,0,0,0,1,0,0,0,0,0,0,0,1,1,0,0,0
619,214,2000,7000000,0,0,17,3,0,3,4280,8560,34240,1.0,1,2,2,0,0,0,0,0,0,0,1,0,0,0,0,0,0,0,0,0,1,0,0,0,0,0,0,0,0,0,0,0
855,198,1000,0,0,0,11,3,1,3,5490,5490,38430,2.5,0,1,4,0,1,1,0,0,0,0,0,0,0,0,0,0,0,0,0,0,1,0,0,0,0,0,1,0,1,0,0,0
803,123,500,0,64800,-44200,17,1,1,0,16280,0,56980,2.5,1,5,2,1,1,0,0,0,0,0,1,0,0,0,0,0,0,0,1,0,0,0,0,0,1,0,1,0,0,0,0,0
645,249,2000,0,0,-71200,4,3,2,1,5710,5710,45680,1.0,1,6,4,1,1,0,0,0,0,0,0,0,0,0,0,0,0,0,1,0,0,0,0,0,0,0,1,0,1,0,0,0
846,285,500,0,63100,-79400,13,1,0,3,5270,10540,36890,1.0,0,2,4,0,0,0,0,0,0,0,0,0,1,0,0,0,0,0,1,0,0,0,0,0,1,0,0,1,1,0,0,0
556,185,2000,0,0,0,8,1,2,3,900,450,3600,5.0,0,3,1,0,1,0,0,0,0,0,0,1,0,0,0,0,0,0,0,0,1,0,0,0,0,1,1,0,0,0,0,1
957,205,2000,4000000,0,0,19,1,2,1,15660,15660,54810,1.0,1,1,2,0,0,0,0,0,0,0,0,0,1,0,0,0,0,0,0,1,0,0,0,0,1,0,1,0,0,0,0,1
577,222,500,0,71400,0,9,3,2,1,5000,10000,40000,5.0,0,1,3,1,0,0,0,0,0,0,0,0,0,0,0,0,0,1,1,0,0,0,0,0,0,0,1,0,0,0,1,0
795,297,500,7000000,0,-59500,0,3,0,3,5550,5550,33300,2.5,0,6,4,0,1,0,0,0,0,0,0,0,0,0,0,0,0,0,0,0,0,1,0,0,0,0,0,1,1,0,0,0
85,275,2000,0,35700,0,13,3,0,1,5830,11660,40810,1.0,0,1,3,1,0,0,0,0,0,0,0,0,0,0,0,0,0,1,0,0,1,0,0,0,0,0,0,0,1,0,0,0
242,190,2000,0,36900,-53700,10,1,2,1,630,630,5040,5.0,1,4,1,0,1,0,0,1,0,0,0,0,0,0,0,0,0,0,0,1,0,0,0,1,0,0,1,0,0,1,0,0
698,164,500,0,44500,-55900,5,1,1,0,480,480,3360,5.0,1,2,1,1,0,0,0,0,0,0,0,1,0,0,0,0,0,0,0,0,0,0,0,0,0,1,1,0,0,0,0,1
159,136,500,0,62500,-66900,9,1,2,0,1240,620,4340,1.0,1,4,2,0,0,0,0,0,0,0,0,0,0,0,0,0,0,1,0,1,0,0,0,0,0,1,1,0,0,0,0,1
524,266,500,0,0,-45800,5,1,1,2,480,240,1440,2.5,1,2,2,0,0,0,0,0,0,0,0,0,0,0,0,0,1,0,0,0,1,0,0,1,0,0,1,0,0,0,0,1
35,147,1000,6000000,53300,-49200,15,1,2,0,10620,5310,37170,1.0,0,1,3,1,1,0,1,0,0,0,0,0,0,0,0,0,0,0,1,0,0,0,0,0,1,0,0,0,0,0,1,0
540,138,500,4000000,27700,-72400,0,1,2,2,6930,13860,62370,5.0,1,7,3,0,0,0,0,0,0,0,0,1,0,0,0,0,0,0,0,0,0,0,1,0,1,0,0,0,0,0,1,0
170,222,500,0,0,0,23,3,0,0,11940,7960,31840,2.5,0,2,2,1,0,1,0,0,0,0,0,0,0,0,0,0,0,0,1,0,0,0,0,0,0,0,1,0,0,0,0,1
654,2,1000,4000000,0,-54700,22,1,1,3,4030,8060,36270,5.0,1,1,2,0,1,0,1,0,0,0,0,0,0,0,0,0,0,0,0,1,0,0,0,0,1,0,0,1,0,0,1,0
890,145,1000,0,0,0,18,1,2,0,9500,4750,38000,1.0,1,4,4,1,0,0,0,0,0,0,0,0,1,0,0,0,0,0,0,1,0,0,0,0,1,0,0,1,0,0,0,0
857,260,2000,0,35000,0,7,1,0,1,10680,10680,42720,1.0,0,6,2,0,0,0,0,0,0,0,0,0,1,0,0,0,0,0,0,0,0,0,0,0,1,0,0,0,1,0,0,0
847,289,1000,0,0,0,19,3,1,3,7620,7620,53340,5.0,1,2,2,1,0,0,0,0,0,0,0,0,0,0,0,1,0,0,1,0,0,0,0,0,0,0,0,1,1,0,0,0
944,266,1000,0,12800,-49700,12,1,1,3,7870,7870,55090,5.0,0,2,4,1,1,0,0,0,0,0,0,0,0,1,0,0,0,0,0,0,1,0,0,0,1,0,0,1,0,0,0,1
733,149,500,0,0,-60000,3,1,0,1,16160,16160,72720,2.5,1,7,4,0,0,0,1,0,0,0,0,0,0,0,0,0,0,0,0,0,0,0,1,0,1,0,1,0,1,0,0,0
95,80,2000,5000000,67700,-58400,5,1,2,0,1260,630,5040,1.0,1,7,2,0,1,1,0,0,0,0,0,0,0,0,0,0,0,0,0,0,0,0,0,0,0,1,1,0,0,1,0,0
563,251,2000,0,0,-31700,10,1,0,0,5530,5530,33180,5.0,1,2,2,1,0,0,0,0,0,0,0,1,0,0,0,0,0,0,1,0,0,0,0,0,1,0,1,0,0,0,0,1
240,249,1000,0,0,0,16,1,0,0,5350,5350,42800,2.5,1,6,3,0,1,1,0,0,0,0,0,0,0,0,0,0,0,0,0,0,1,0,0,0,1,0,0,0,1,0,0,0
742,371,1000,0,79600,0,2,3,2,1,13000,13000,58500,2.5,0,7,3,0,1,0,0,0,0,0,1,0,0,0,0,0,0,0,1,0,0,0,0,0,0,0,0,1,0,0,1,0
574,102,500,3000000,0,0,11,1,1,0,9480,4740,33180,1.0,0,4,4,0,0,0,0,0,0,0,0,0,0,0,0,0,1,0,0,0,0,0,1,0,1,0,0,1,0,0,1,0
690,254,500,5000000,42200,-48000,8,1,2,2,5770,11540,46160,2.5,1,7,2,1,0,0,0,0,0,1,0,0,0,0,0,0,0,0,0,0,1,0,0,0,1,0,0,0,0,0,0,1
460,271,500,0,0,0,16,1,2,2,6930,13860,55440,2.5,1,1,2,0,0,0,0,0,0,0,0,0,0,0,0,0,1,0,0,1,0,0,0,0,1,0,1,0,0,0,1,0
553,428,1000,0,0,0,9,1,2,2,630,1260,5040,1.0,1,1,1,1,0,0,0,0,0,0,0,0,0,0,0,0,1,0,0,0,0,1,0,1,0,0,1,0,0,0,0,1
888,381,500,0,35900,0,8,1,1,2,12120,6060,42420,5.0,1,6,3,1,1,0,0,0,0,0,0,1,0,0,0,0,0,0,0,0,0,0,1,0,1,0,1,0,1,0,0,0
206,128,2000,0,0,-39300,0,1,1,0,5980,5980,47840,1.0,1,3,4,0,0,0,0,0,0,0,0,0,0,0,0,1,0,0,0,1,0,0,0,0,1,0,1,0,1,0,0,0
392,160,1000,0,0,-36600,5,3,2,1,5170,10340,36190,1.0,1,1,4,0,0,0,0,0,0,0,0,0,0,1,0,0,0,0,0,0,0,0,0,0,0,0,1,0,1,0,0,0
794,320,2000,7000000,46300,-41700,13,3,2,0,4680,9360,42120,2.5,0,3,2,0,0,0,0,0,0,0,0,0,0,0,0,0,0,1,1,0,0,0,0,0,0,0,0,0,1,0,0,0
397,252,1000,0,0,-28800,17,1,0,2,14980,7490,52430,1.0,0,5,2,1,1,0,0,0,0,0,0,0,0,0,0,0,0,0,0,0,0,0,1,0,1,0,0,0,1,0,0,0
766,224,1000,0,0,-47100,21,3,2,1,12360,6180,43260,5.0,1,4,4,1,0,0,0,0,0,0,0,0,0,1,0,0,0,0,0,1,0,0,0,0,0,0,1,0,1,0,0,0
848,427,1000,7000000,0,-54400,23,1,1,2,12980,19470,58410,1.0,0,6,3,1,1,0,1,0,0,0,0,0,0,0,0,0,0,0,0,0,1,0,0,0,1,0,0,1,0,0,0,0
217,38,1000,0,0,-39700,17,1,2,1,1440,720,5040,2.5,0,5,1,0,0,0,0,0,0,0,0,0,0,0,0,0,0,1,1,0,0,0,0,0,0,1,1,0,0,1,0,0
4,228,1000,6000000,66000,-46000,20,1,0,1,1300,650,4550,5.0,0,2,2,0,0,0,0,0,0,0,0,0,0,0,0,1,0,0,0,0,0,1,0,0,0,1,1,0,0,1,0,0
768,446,1000,0,49900,-62100,3,1,2,0,7050,14100,49350,1.0,1,1,2,1,1,0,0,0,0,0,0,0,0,0,0,0,0,0,0,0,0,1,0,0,1,0,1,0,0,0,1,0
642,143,1000,0,79900,0,1,1,2,0,5660,5660,50940,5.0,1,1,3,0,0,0,0,1,0,0,0,0,0,0,0,0,0,0,0,0,0,0,0,0,1,0,1,0,0,0,0,0
929,136,500,0,0,0,6,1,0,0,10000,10000,35000,1.0,1,4,3,1,0,0,0,0,0,0,0,0,0,0,0,1,0,0,1,0,0,0,0,0,1,0,0,1,0,0,0,1
612,56,500,0,0,0,13,1,1,2,11180,11180,39130,2.5,1,2,4,0,1,0,0,0,0,0,0,0,0,0,0,0,0,0,1,0,0,0,0,0,1,0,1,0,0,0,1,0
738,224,500,0,0,-51400,11,1,0,0,9200,13800,32200,5.0,1,3,2,0,1,0,0,0,0,0,0,0,0,1,0,0,0,0,0,0,1,0,0,0,1,0,0,0,1,0,0,0
546,230,2000,0,48100,0,13,1,0,2,13720,13720,48020,1.0,0,6,4,0,0,0,0,0,0,0,0,0,0,1,0,0,0,0,0,0,0,0,1,0,1,0,0,1,0,0,0,0
725,189,2000,0,0,0,7,3,2,0,6440,6440,51520,2.5,1,3,2,0,1,0,0,0,0,0,0,0,0,0,0,0,1,0,0,0,1,0,0,0,0,0,1,0,0,0,0,1
683,238,1000,4000000,0,-44800,21,4,0,0,4270,4270,34160,2.5,0,1,4,0,0,0,0,0,0,1,0,0,0,0,0,0,0,0,0,0,0,0,1,0,0,0,1,0,0,0,0,0
98,295,1000,0,0,0,6,1,1,2,900,900,3600,2.5,1,3,1,0,1,0,0,0,0,0,1,0,0,0,0,0,0,0,0,0,0,0,1,1,0,0,1,0,0,1,0,0
804,267,2000,0,35000,0,3,1,2,3,900,450,3600,2.5,0,6,1,1,1,0,1,0,0,0,0,0,0,0,0,0,0,0,0,0,0,1,0,1,0,0,1,0,0,1,0,0
727,39,500,0,0,0,14,1,0,1,15660,7830,62640,5.0,0,4,3,1,1,0,0,0,1,0,0,0,0,0,0,0,0,0,1,0,0,0,0,0,1,0,1,0,0,0,0,1
573,402,2000,0,48000,-79600,19,1,0,2,7530,15060,45180,2.5,0,4,3,0,1,0,0,0,1,0,0,0,0,0,0,0,0,0,1,0,0,0,0,0,1,0,1,0,0,0,1,0
406,280,2000,0,29300,-64700,10,3,0,3,9640,9640,33740,5.0,0,6,2,0,1,0,0,0,0,0,0,0,0,0,0,0,0,0,0,0,0,0,0,0,0,0,1,0,0,0,0,1
502,202,2000,0,0,-37500,12,1,1,1,7040,14080,56320,1.0,1,2,3,1,0,1,0,0,0,0,0,0,0,0,0,0,0,0,0,0,0,0,0,0,1,0,0,1,0,0,1,0
47,355,2000,4000000,0,0,19,3,2,1,6280,6280,50240,5.0,0,3,3,0,0,0,0,0,0,0,0,1,0,0,0,0,0,0,0,0,0,0,0,0,0,0,0,0,1,0,0,0
32,155,1000,0,81100,0,16,3,2,3,3310,3310,23170,5.0,1,2,4,1,0,0,0,0,0,0,0,0,0,0,0,0,0,0,0,1,0,0,0,0,0,0,0,0,0,0,0,1
779,446,1000,0,0,-15700,1,3,2,1,6740,13480,60660,5.0,1,1,2,0,0,0,0,0,0,0,0,0,0,0,0,0,1,0,0,0,0,0,1,0,0,0,1,0,0,0,0,1
839,234,500,0,0,-48800,4,1,2,2,10320,5160,36120,2.5,0,2,3,0,1,0,0,0,0,0,0,0,0,0,1,0,0,0,0,0,1,0,0,0,1,0,1,0,0,0,0,1
200,30,2000,0,0,0,9,1,2,1,960,960,3840,2.5,0,7,1,0,1,0,1,0,0,0,0,0,0,0,0,0,0,0,1,0,0,0,0,0,0,1,1,0,0,0,0,1
134,93,2000,0,65300,-65600,16,1,1,1,17360,8680,52080,2.5,0,7,2,0,0,0,0,1,0,0,0,0,0,0,0,0,0,0,0,0,0,1,0,0,1,0,0,1,0,0,0,0
27,202,500,3000000,31000,-30200,5,1,2,1,1040,520,4160,1.0,0,4,2,1,0,0,0,1,0,0,0,0,0,0,0,0,0,0,1,0,0,0,0,0,0,1,1,0,0,1,0,0
880,121,500,0,0,0,11,1,1,1,6730,6730,53840,5.0,0,6,3,0,0,0,0,0,0,0,0,0,1,0,0,0,0,0,0,0,0,0,1,0,1,0,0,0,1,0,0,0
230,166,1000,0,65600,-68200,18,1,0,2,4880,4880,43920,1.0,1,1,4,0,1,0,0,0,0,0,1,0,0,0,0,0,0,0,0,0,0,0,1,0,1,0,0,1,0,0,1,0
489,19,500,0,0,0,6,3,0,2,11600,11600,52200,2.5,0,4,4,0,0,0,0,0,0,0,0,0,0,0,0,0,0,1,1,0,0,0,0,0,0,0,0,0,0,0,0,0
772,210,500,0,38700,-33100,8,1,1,3,6330,6330,50640,5.0,1,6,4,0,1,0,0,0,0,0,0,0,0,0,0,0,1,0,0,0,1,0,0,0,1,0,0,0,0,0,0,0
378,230,1000,0,0,0,19,3,2,0,4420,4420,44200,1.0,0,4,2,0,0,0,0,0,0,0,0,0,0,0,0,0,0,1,0,0,1,0,0,0,0,0,0,1,0,0,0,0
288,88,1000,0,0,0,6,1,1,2,7420,7420,51940,2.5,1,4,3,1,1,0,0,0,0,1,0,0,0,0,0,0,0,0,0,0,0,0,0,0,1,0,1,0,0,0,0,0
418,277,500,0,0,0,6,1,1,3,1000,500,3500,5.0,0,1,1,0,0,0,0,0,0,0,0,0,1,0,0,0,0,0,0,0,0,1,0,0,0,1,1,0,0,0,0,1
674,25,1000,7000000,40900,0,0,1,1,1,480,960,2880,2.5,0,3,1,0,1,0,0,0,0,0,0,0,0,0,0,0,0,0,0,0,0,0,1,0,0,1,1,0,0,1,0,0
391,297,1000,3000000,54900,-36700,17,3,0,0,5720,5720,40040,2.5,0,7,4,0,0,0,0,1,0,0,0,0,0,0,0,0,0,0,0,1,0,0,0,0,0,0,0,1,1,0,0,0
592,253,1000,0,36600,0,17,1,2,0,6290,6290,44030,1.0,1,3,4,0,0,0,0,0,0,0,1,0,0,0,0,0,0,0,1,0,0,0,0,0,1,0,1,0,0,0,0,1
498,405,500,0,0,-46900,11,1,0,0,5780,5780,52020,2.5,0,6,3,0,0,0,0,1,0,0,0,0,0,0,0,0,0,0,1,0,0,0,0,0,1,0,0,0,0,0,0,1
138,325,500,0,46300,-77500,21,3,1,2,13840,6920,55360,5.0,1,1,2,0,1,0,0,0,0,0,0,0,0,1,0,0,0,0,0,0,0,0,1,0,0,0,1,0,1,0,0,0
62,119,1000,0,0,-49500,12,1,0,3,5630,11260,39410,5.0,0,1,2,0,1,1,0,0,0,0,0,0,0,0,0,0,0,0,0,0,0,1,0,0,1,0,0,1,0,0,1,0
471,195,2000,6000000,38000,-50300,12,3,1,2,7180,0,57440,5.0,0,6,2,1,0,0,0,0,0,0,0,0,0,0,0,0,1,0,0,0,0,1,0,0,0,0,0,0,0,0,0,0
647,235,500,0,0,0,11,1,1,2,6830,13660,47810,5.0,0,3,2,0,0,0,1,0,0,0,0,0,0,0,0,0,0,0,0,0,0,0,0,0,1,0,0,1,0,0,0,0
128,274,2000,0,40700,-47300,22,1,0,3,10640,10640,42560,1.0,0,3,3,1,1,0,0,0,1,0,0,0,0,0,0,0,0,0,0,0,0,0,1,0,1,0,0,0,1,0,0,0
976,143,1000,0,38400,-5700,17,3,2,2,14080,7040,49280,5.0,1,2,3,0,0,0,1,0,0,0,0,0,0,0,0,0,0,0,0,0,0,1,0,0,0,0,0,1,1,0,0,0
520,280,1000,0,0,-51600,1,1,0,2,14000,7000,56000,1.0,0,4,4,0,0,0,0,0,0,0,0,0,0,0,0,0,0,1,0,0,1,0,0,0,1,0,0,0,1,0,0,0
838,185,500,0,0,0,20,3,1,1,9340,4670,37360,2.5,1,7,3,1,0,1,0,0,0,0,0,0,0,0,0,0,0,0,0,0,0,0,0,0,0,0,0,1,1,0,0,0
962,150,1000,0,30400,-89400,9,1,0,2,12320,12320,55440,5.0,1,7,4,0,0,0,0,0,0,0,0,0,0,0,0,0,0,1,0,0,0,1,0,0,1,0,1,0,0,0,0,1
64,295,2000,5000000,62400,0,16,3,0,0,6570,6570,45990,2.5,0,7,4,0,0,0,0,0,0,0,0,0,0,0,0,1,0,0,1,0,0,0,0,0,0,0,1,0,1,0,0,0
812,404,1000,4000000,0,-63700,23,1,2,0,5310,5310,42480,2.5,1,5,2,0,1,0,0,0,0,0,0,0,0,0,0,0,0,1,1,0,0,0,0,0,1,0,0,0,0,0,0,0
14,180,2000,0,41300,-55500,12,1,0,2,4200,8400,33600,2.5,1,3,4,0,1,0,0,0,0,0,1,0,0,0,0,0,0,0,1,0,0,0,0,0,1,0,1,0,0,0,0,1
156,461,2000,0,0,0,10,3,2,1,7210,14420,50470,1.0,0,4,2,0,1,0,0,1,0,0,0,0,0,0,0,0,0,0,0,0,0,0,0,0,0,0,1,0,0,0,0,1
40,79,500,0,0,-55700,19,1,2,2,8000,4000,28000,1.0,0,2,2,0,0,0,0,0,0,0,0,0,0,0,0,0,1,0,1,0,0,0,0,0,1,0,1,0,0,0,0,0
492,298,500,0,0,-71700,16,3,0,2,11580,11580,46320,2.5,0,6,3,0,0,0,0,0,0,0,1,0,0,0,0,0,0,0,0,0,0,0,1,0,0,0,0,1,0,0,1,0
379,157,2000,0,0,-54100,14,3,1,2,10160,5080,35560,1.0,0,3,3,0,0,0,0,0,0,0,0,1,0,0,0,0,0,0,0,1,0,0,0,0,0,0,0,0,0,0,1,0
187,238,2000,0,0,-39200,9,1,1,3,1100,550,3850,2.5,1,4,2,1,1,0,0,0,0,0,0,0,0,0,1,0,0,0,0,1,0,0,0,0,0,1,1,0,0,0,0,1
763,66,500,0,21100,-60800,2,3,0,2,11920,11920,41720,5.0,1,3,3,0,1,0,0,0,0,0,0,0,0,0,0,0,0,0,0,0,0,0,1,0,0,0,0,0,1,0,0,0
216,69,2000,0,0,0,14,1,2,2,5260,10520,47340,1.0,1,1,2,0,0,0,0,0,0,0,1,0,0,0,0,0,0,0,0,0,0,1,0,0,1,0,0,0,1,0,0,0
791,84,500,7000000,0,0,0,1,0,2,4770,9540,42930,5.0,1,2,4,1,0,0,0,0,0,0,0,0,0,1,0,0,0,0,0,0,0,0,0,0,1,0,1,0,0,0,1,0
52,217,1000,0,0,0,8,1,2,1,430,430,3440,1.0,0,3,2,0,1,1,0,0,0,0,0,0,0,0,0,0,0,0,1,0,0,0,0,0,0,1,1,0,0,1,0,0
878,144,2000,0,73700,0,17,3,1,3,5440,10880,38080,2.5,1,7,3,1,0,0,0,0,0,1,0,0,0,0,0,0,0,0,1,0,0,0,0,0,0,0,1,0,1,0,0,0
337,159,1000,0,0,-53700,13,1,2,0,7810,7810,54670,5.0,0,2,4,1,0,0,0,0,0,0,0,0,0,0,0,0,1,0,0,0,0,0,1,0,1,0,1,0,0,0,0,1
748,322,1000,0,49900,-62700,20,3,0,3,9880,4940,34580,1.0,1,3,3,1,0,0,0,0,0,0,1,0,0,0,0,0,0,0,0,0,0,0,0,0,0,0,0,1,1,0,0,0
719,241,1000,0,0,-36000,21,1,1,0,1300,650,5200,2.5,0,2,1,0,1,0,0,0,0,0,0,0,0,1,0,0,0,0,0,0,1,0,0,0,0,1,1,0,0,0,0,1
724,284,500,0,48200,0,12,3,0,0,6720,3360,26880,2.5,0,7,4,0,1,0,0,0,0,0,0,0,0,1,0,0,0,0,0,1,0,0,0,0,0,0,0,1,1,0,0,0
295,123,500,0,0,-54600,13,1,1,2,12020,12020,48080,2.5,1,2,4,0,0,0,0,0,0,0,0,0,0,1,0,0,0,0,0,0,0,0,1,0,1,0,0,1,1,0,0,0
701,162,500,0,45700,0,17,4,2,1,3530,3530,28240,2.5,1,2,3,0,0,0,0,1,0,0,0,0,0,0,0,0,0,0,0,1,0,0,0,0,0,0,1,0,1,0,0,0
251,111,500,5000000,0,0,2,3,1,2,7350,14700,58800,2.5,0,6,3,0,0,0,0,0,0,0,0,0,0,0,0,1,0,0,0,1,0,0,0,0,0,0,0,1,0,0,0,1
726,267,500,0,49000,0,0,1,1,3,480,0,1440,2.5,0,7,2,0,1,0,0,0,0,0,0,0,0,0,0,0,0,0,0,0,0,1,0,1,0,0,1,0,0,1,0,0
461,410,2000,0,0,-17000,0,1,0,2,9920,9920,39680,1.0,0,6,2,1,0,0,0,0,0,0,0,0,0,0,1,0,0,0,0,0,1,0,0,0,1,0,0,1,0,0,0,0
455,264,2000,0,0,-8500,9,3,2,0,17300,17300,60550,5.0,0,2,2,1,0,0,0,0,0,0,0,0,0,0,0,0,0,0,1,0,0,0,0,0,0,0,0,0,0,0,0,1
996,285,1000,0,70900,0,23,1,2,3,18080,18080,72320,1.0,1,7,3,1,0,0,0,0,0,0,0,0,0,1,0,0,0,0,0,0,0,0,1,0,1,0,1,0,1,0,0,0
815,215,500,0,0,0,10,1,0,1,7070,14140,49490,2.5,1,7,4,0,0,0,1,0,0,0,0,0,0,0,0,0,0,0,0,0,0,1,0,0,1,0,1,0,0,0,0,1
862,299,1000,0,0,-48800,3,1,2,0,6780,6780,40680,5.0,1,3,2,1,0,0,0,0,0,0,0,1,0,0,0,0,0,0,0,1,0,0,0,0,1,0,1,0,0,0,0,0
269,195,2000,0,57800,-53300,14,3,2,3,12540,6270,50160,1.0,1,2,4,1,1,0,0,0,0,0,1,0,0,0,0,0,0,0,0,0,0,0,1,0,0,0,0,0,1,0,0,0
201,342,500,0,63100,-13800,3,1,2,0,7670,7670,61360,2.5,0,7,2,0,1,0,0,0,0,0,0,0,0,0,0,0,0,1,1,0,0,0,0,0,1,0,1,0,1,0,0,0
161,278,2000,7000000,0,-54000,12,1,2,0,11700,11700,52650,5.0,1,6,4,0,0,0,0,0,1,0,0,0,0,0,0,0,0,0,1,0,0,0,0,0,1,0,0,0,0,0,0,0
555,364,500,0,0,0,16,1,2,1,14060,14060,49210,1.0,0,5,3,1,0,0,0,0,0,0,0,0,0,0,0,0,0,1,0,0,0,0,1,0,1,0,1,0,0,0,1,0
729,243,1000,0,17300,-60400,1,1,1,0,10060,5030,35210,1.0,1,3,3,0,1,0,0,0,1,0,0,0,0,0,0,0,0,0,0,0,1,0,0,0,1,0,0,0,1,0,0,0
401,261,1000,0,0,0,11,1,1,0,9180,9180,41310,5.0,0,6,4,1,0,0,0,0,0,0,0,0,0,0,0,0,0,1,0,0,1,0,0,0,1,0,0,0,1,0,0,0
702,396,500,0,0,-49400,3,1,1,3,480,480,1680,5.0,0,1,2,1,0,0,0,0,0,0,0,0,0,0,0,0,1,0,0,0,0,0,1,1,0,0,1,0,0,1,0,0
476,67,1000,0,60400,-67800,16,1,0,3,6380,6380,51040,2.5,0,1,3,0,1,0,0,0,0,0,0,0,0,0,0,0,0,0,0,0,0,0,0,0,1,0,1,0,0,0,1,0
821,187,500,0,59500,0,7,3,0,0,8200,4100,32800,5.0,1,7,2,0,0,0,0,0,0,0,1,0,0,0,0,0,0,0,1,0,0,0,0,0,0,0,0,1,1,0,0,0
771,209,500,0,67800,0,22,1,1,1,8400,4200,25200,1.0,0,7,2,0,0,0,0,0,0,0,0,0,0,0,0,0,0,1,0,0,0,0,0,0,1,0,0,1,1,0,0,0
105,295,500,0,34300,-24300,4,1,1,3,480,480,3360,1.0,0,3,2,1,1,0,0,0,0,0,0,0,0,1,0,0,0,0,0,0,0,0,0,0,0,1,1,0,0,1,0,0
565,392,2000,0,68400,-66800,4,1,2,2,16620,16620,74790,1.0,1,7,2,0,1,0,0,1,0,0,0,0,0,0,0,0,0,0,1,0,0,0,0,0,1,0,0,1,0,0,1,0
389,126,1000,2000000,36700,-73400,21,1,1,2,6770,6770,40620,5.0,1,4,3,1,0,0,0,0,0,0,0,0,1,0,0,0,0,0,0,0,1,0,0,0,1,0,0,0,0,0,0,0
1,228,2000,5000000,0,0,8,1,0,0,780,780,3510,2.5,0,6,2,0,0,0,0,0,0,0,1,0,0,0,0,0,0,0,0,1,0,0,0,0,0,1,1,0,0,0,0,1
937,458,1000,0,31400,0,23,1,2,2,14360,14360,43080,1.0,1,1,4,0,1,0,0,0,0,0,0,0,0,0,1,0,0,0,0,0,0,0,1,0,1,0,0,0,0,0,0,1
982,230,2000,0,28900,0,0,3,0,3,5190,10380,36330,5.0,0,1,2,0,1,0,0,1,0,0,0,0,0,0,0,0,0,0,0,1,0,0,0,0,0,0,0,0,0,0,0,1
561,272,2000,5000000,38600,-42800,23,1,0,0,16820,8410,58870,2.5,0,6,2,0,0,0,0,0,0,0,0,0,0,0,1,0,0,0,0,0,0,0,1,0,1,0,0,0,1,0,0,0
80,137,2000,0,52700,-40600,6,3,1,2,10160,10160,30480,2.5,0,1,2,0,0,0,0,1,0,0,0,0,0,0,0,0,0,0,0,0,0,0,0,0,0,0,0,1,0,0,0,0
205,223,500,0,66400,-34400,14,1,2,1,5440,5440,43520,5.0,1,5,2,0,0,0,0,0,0,0,0,0,0,0,0,0,1,0,1,0,0,0,0,0,1,0,1,0,0,0,0,1
34,149,500,0,0,0,17,1,0,1,10800,5400,48600,5.0,0,7,4,1,1,0,0,0,0,0,0,0,0,1,0,0,0,0,0,0,1,0,0,0,1,0,0,1,1,0,0,0
775,89,2000,0,49100,-45100,5,1,1,2,10,20,70,1.0,1,6,1,1,0,0,0,0,0,0,0,0,0,0,0,0,1,0,1,0,0,0,0,1,0,0,1,0,0,0,0,1
508,83,1000,0,0,0,0,3,0,1,6160,12320,43120,5.0,1,1,4,0,0,0,0,0,0,0,1,0,0,0,0,0,0,0,0,0,0,1,0,0,0,0,0,0,1,0,0,0
427,91,1000,4000000,63600,0,19,1,1,0,6730,6730,47110,1.0,1,1,2,0,0,0,0,0,0,0,0,0,1,0,0,0,0,0,0,0,1,0,0,0,1,0,0,1,0,0,0,1
454,126,2000,0,46500,-42700,23,1,2,3,4430,4430,39870,2.5,1,2,2,0,0,0,0,0,0,0,1,0,0,0,0,0,0,0,1,0,0,0,0,0,1,0,0,1,0,0,1,0
366,154,2000,7000000,68500,0,9,1,2,0,280,280,2240,2.5,1,5,1,0,0,0,0,1,0,0,0,0,0,0,0,0,0,0,0,0,1,0,0,0,0,1,1,0,0,1,0,0
91,61,2000,4000000,0,-62400,14,1,0,3,8940,17880,71520,2.5,1,2,3,0,0,0,0,0,0,0,0,0,0,0,0,0,1,0,0,0,1,0,0,0,1,0,0,1,0,0,0,1
339,212,2000,0,35400,-49200,0,3,1,3,4580,4580,41220,5.0,0,6,4,0,0,0,0,0,0,0,0,0,1,0,0,0,0,0,0,0,0,1,0,0,0,0,0,0,1,0,0,0
897,178,500,0,0,0,3,3,2,0,11760,11760,41160,1.0,1,4,2,0,0,0,0,1,0,0,0,0,0,0,0,0,0,0,0,0,1,0,0,0,0,0,0,0,0,0,0,1
564,180,2000,0,58100,-49000,12,4,2,3,11540,5770,40390,5.0,1,4,2,0,1,0,0,0,0,0,0,0,0,0,1,0,0,0,0,0,1,0,0,0,0,0,1,0,0,0,0,0
345,86,2000,0,75800,0,19,1,0,2,11820,11820,47280,1.0,0,7,2,1,1,0,0,0,0,0,0,0,0,0,0,0,0,1,0,0,0,1,0,0,1,0,0,1,0,0,0,1
776,458,1000,0,53000,0,18,1,2,1,6260,6260,43820,1.0,1,1,2,0,0,0,0,0,0,0,0,0,0,0,1,0,0,0,0,1,0,0,0,0,1,0,0,0,1,0,0,0
241,177,2000,0,0,-74500,20,1,2,0,7370,7370,58960,1.0,1,3,3,1,0,0,0,0,0,0,0,0,0,0,0,0,0,0,0,1,0,0,0,0,1,0,0,0,0,0,1,0
13,121,1000,0,52800,-32800,5,1,1,1,1120,1120,5040,1.0,1,6,2,0,0,1,0,0,0,0,0,0,0,0,0,0,0,0,0,0,0,0,1,1,0,0,1,0,0,1,0,0
315,256,1000,0,0,-39500,14,1,2,1,7550,15100,52850,5.0,1,6,2,0,0,0,0,0,0,0,0,0,0,0,0,0,0,1,0,0,0,0,1,0,1,0,1,0,0,0,0,1
600,64,2000,0,0,-61400,4,1,1,2,4370,4370,34960,2.5,0,1,2,0,0,0,0,1,0,0,0,0,0,0,0,0,0,0,0,1,0,0,0,0,1,0,0,1,0,0,0,0
387,7,1000,0,0,-45300,21,1,1,2,6940,6940,48580,5.0,0,2,4,0,0,0,0,0,0,0,1,0,0,0,0,0,0,0,0,0,0,0,1,0,1,0,0,0,0,0,1,0
273,107,500,0,62800,0,14,3,1,0,11940,11940,35820,1.0,1,4,2,0,0,1,0,0,0,0,0,0,0,0,0,0,0,0,0,0,0,0,1,0,0,0,1,0,0,0,0,0
166,14,2000,0,0,-26900,18,1,2,1,12960,12960,45360,2.5,1,2,3,0,1,0,1,0,0,0,0,0,0,0,0,0,0,0,0,0,0,1,0,0,1,0,1,0,1,0,0,0
840,253,2000,0,45800,0,9,1,0,3,600,600,4200,1.0,1,1,1,0,0,0,0,0,1,0,0,0,0,0,0,0,0,0,0,0,1,0,0,1,0,0,1,0,0,1,0,0
992,94,500,0,50300,0,6,3,1,2,3670,7340,25690,1.0,0,6,3,1,1,0,0,1,0,0,0,0,0,0,0,0,0,0,0,0,0,0,0,0,0,0,0,0,1,0,0,0
646,169,500,0,50700,-57600,0,3,2,3,14080,7040,56320,2.5,0,1,4,0,0,0,0,1,0,0,0,0,0,0,0,0,0,0,0,0,0,1,0,0,0,0,0,0,0,0,0,0
818,286,1000,0,25800,0,3,1,2,0,820,410,2870,2.5,0,3,1,1,0,0,0,0,0,0,0,0,0,1,0,0,0,0,0,0,0,0,1,0,0,1,1,0,0,0,0,1
484,439,500,0,48900,-40900,9,1,2,0,15000,5000,30000,1.0,0,1,2,0,0,1,0,0,0,0,0,0,0,0,0,0,0,0,0,0,1,0,0,0,1,0,1,0,0,0,0,0
980,245,1000,0,39300,0,12,1,0,2,7470,7470,67230,5.0,0,7,2,1,1,0,0,0,0,1,0,0,0,0,0,0,0,0,0,0,0,1,0,0,1,0,1,0,0,0,0,0
504,61,2000,6000000,0,-53800,16,2,1,0,11960,5980,35880,1.0,1,4,3,1,0,0,0,0,1,0,0,0,0,0,0,0,0,0,0,0,0,0,1,0,0,0,1,0,1,0,0,0
831,77,2000,0,49700,0,12,3,2,0,12560,6280,50240,2.5,0,4,3,1,0,0,0,1,0,0,0,0,0,0,0,0,0,0,0,1,0,0,0,0,0,0,1,0,0,0,0,1
243,174,2000,0,53200,-53800,21,3,2,2,10900,10900,43600,1.0,1,3,4,0,0,0,0,0,0,0,0,0,0,0,0,0,1,0,0,0,1,0,0,0,0,0,1,0,0,0,0,0
566,143,500,5000000,0,-65700,16,1,2,0,10860,5430,38010,1.0,1,1,2,0,1,0,0,1,0,0,0,0,0,0,0,0,0,0,0,0,0,1,0,0,1,0,1,0,1,0,0,0
875,195,1000,8000000,0,0,12,1,0,2,4420,4420,35360,1.0,0,6,3,0,0,0,0,0,0,0,0,0,0,0,0,0,1,0,0,0,0,1,0,0,1,0,0,1,0,0,0,0
562,27,2000,0,0,-55800,23,1,1,3,6840,6840,47880,1.0,1,3,4,0,0,0,0,0,0,0,0,0,0,0,0,0,0,0,0,0,1,0,0,0,1,0,0,0,1,0,0,0
686,190,500,5000000,0,0,4,1,0,1,640,320,2880,2.5,1,1,1,0,0,0,0,0,0,0,0,0,0,0,0,0,1,0,0,0,0,0,0,1,0,0,1,0,0,1,0,0
189,128,1000,0,62700,0,11,1,0,2,18520,18520,64820,5.0,1,1,4,0,1,0,0,0,0,0,0,0,0,0,0,0,0,0,0,1,0,0,0,0,1,0,1,0,0,0,0,0
782,233,2000,0,67100,0,6,1,0,1,680,680,2380,5.0,1,2,2,0,0,0,0,0,0,0,0,0,0,0,0,0,1,0,0,1,0,0,0,0,0,1,1,0,0,1,0,0
699,186,2000,0,39300,-60300,23,3,2,2,11460,5730,51570,2.5,1,5,4,1,0,0,0,0,0,0,0,0,0,0,0,0,0,1,0,0,0,0,0,0,0,0,0,0,0,0,0,1
475,146,2000,0,34500,-60600,16,3,1,1,5590,5590,44720,5.0,1,5,4,0,0,0,0,0,0,0,0,1,0,0,0,0,0,0,0,1,0,0,0,0,0,0,0,1,0,0,0,1
681,32,2000,5000000,0,0,22,1,0,0,440,440,1760,2.5,0,2,1,1,0,1,0,0,0,0,0,0,0,0,0,0,0,0,0,0,0,1,0,1,0,0,1,0,0,0,0,1
510,209,500,0,38600,-52900,8,1,2,0,8900,8900,62300,2.5,0,1,4,0,0,0,0,0,0,0,0,0,1,0,0,0,0,0,0,0,0,0,0,0,1,0,1,0,0,0,0,1
58,11,2000,0,56600,-45800,22,1,0,1,7310,7310,51170,2.5,0,7,4,1,0,0,0,0,0,0,0,1,0,0,0,0,0,0,0,0,0,0,0,0,1,0,0,0,0,0,0,0
474,245,1000,7000000,0,-68900,19,1,2,2,590,1180,4720,5.0,0,4,2,0,0,0,0,1,0,0,0,0,0,0,0,0,0,0,0,1,0,0,0,1,0,0,1,0,0,0,0,1
560,294,500,0,22700,0,23,3,1,1,3900,3900,35100,5.0,0,5,4,1,1,0,0,0,1,0,0,0,0,0,0,0,0,0,0,0,1,0,0,0,0,0,0,1,0,0,0,1
856,290,2000,0,54400,0,22,3,0,1,6620,6620,52960,5.0,0,2,2,0,0,0,0,0,0,0,0,0,0,0,0,0,1,0,0,0,1,0,0,0,0,0,0,1,1,0,0,0
747,37,500,0,0,0,21,3,1,1,6950,13900,55600,5.0,1,6,4,0,1,0,0,0,0,0,0,0,0,0,0,1,0,0,0,0,1,0,0,0,0,0,0,1,1,0,0,0
252,242,500,0,0,-44600,5,1,1,1,680,680,6120,1.0,1,1,1,1,0,0,0,0,0,0,0,0,0,0,0,0,0,1,0,0,0,0,0,0,0,1,1,0,0,0,0,1
21,217,2000,0,46700,0,15,3,1,2,0,4730,33110,5.0,1,2,4,0,0,0,0,0,0,0,1,0,0,0,0,0,0,0,0,0,1,0,0,0,0,0,0,1,0,0,0,1
313,436,1000,0,39000,0,10,3,2,2,13600,6800,47600,5.0,0,7,4,0,0,0,0,0,0,0,0,0,0,0,1,0,0,0,0,0,1,0,0,0,0,0,0,1,0,0,0,1
459,163,2000,0,51700,0,13,1,2,3,15900,7950,55650,5.0,1,7,2,1,0,0,0,0,0,0,0,1,0,0,0,0,0,0,0,1,0,0,0,0,1,0,0,1,0,0,0,0
160,216,1000,0,39600,-82400,0,1,2,3,560,1680,3920,5.0,1,2,2,1,0,0,0,0,0,0,0,0,1,0,0,0,0,0,0,0,0,1,0,1,0,0,1,0,0,0,0,1
276,296,2000,0,53100,-63400,9,3,1,2,7120,7120,49840,2.5,0,2,4,1,0,0,0,0,0,0,0,0,0,0,0,0,1,0,0,0,0,0,0,0,0,0,0,1,0,0,0,0
955,190,500,0,61900,-50000,14,1,0,0,9020,4510,31570,2.5,0,4,4,1,0,0,1,0,0,0,0,0,0,0,0,0,0,0,0,0,0,1,0,0,1,0,0,1,0,0,1,0
191,252,1000,0,68500,-57500,18,1,1,2,5610,5610,39270,2.5,0,4,2,0,0,0,0,0,1,0,0,0,0,0,0,0,0,0,0,0,0,1,0,0,1,0,0,1,0,0,0,1
385,115,500,0,46400,0,12,3,1,0,5460,5460,38220,5.0,0,1,2,0,1,0,0,0,0,0,0,0,0,1,0,0,0,0,0,0,0,0,1,0,0,0,0,0,1,0,0,0
805,290,500,0,32500,0,10,1,0,1,4800,9600,33600,5.0,0,5,2,0,0,0,0,0,0,0,1,0,0,0,0,0,0,0,0,0,1,0,0,0,1,0,1,0,0,0,0,0
413,56,1000,0,0,0,10,3,1,2,7880,15760,70920,1.0,0,5,3,0,1,0,0,0,0,0,0,0,0,1,0,0,0,0,0,0,1,0,0,0,0,0,0,0,1,0,0,0
491,4,1000,6000000,64200,0,14,3,1,3,4510,9020,40590,1.0,1,1,2,1,0,0,0,0,0,0,1,0,0,0,0,0,0,0,0,0,0,1,0,0,0,0,0,0,0,0,0,0
343,334,500,0,0,0,3,1,0,3,960,960,4320,5.0,0,5,2,0,0,0,0,0,0,0,0,0,0,0,1,0,0,0,0,1,0,0,0,0,0,1,1,0,0,1,0,0
769,169,1000,0,70600,-48500,4,3,2,1,17370,5790,34740,1.0,0,4,4,0,1,1,0,0,0,0,0,0,0,0,0,0,0,0,0,1,0,0,0,0,0,0,0,1,0,0,0,1
308,156,1000,6000000,0,-53800,17,3,1,1,14080,7040,56320,5.0,0,2,4,0,1,0,0,0,0,0,1,0,0,0,0,0,0,0,0,0,0,1,0,0,0,0,1,0,0,0,1,0
661,330,1000,0,0,0,10,1,1,3,11900,5950,41650,2.5,0,3,3,1,0,0,0,0,1,0,0,0,0,0,0,0,0,0,0,0,0,0,0,0,1,0,0,1,0,0,0,0
130,280,1000,0,57900,0,0,3,1,2,14120,14120,56480,2.5,0,4,2,1,0,0,0,0,0,0,1,0,0,0,0,0,0,0,0,0,0,0,1,0,0,0,0,0,0,0,1,0
663,172,1000,6000000,41300,-42000,15,3,0,1,7580,7580,26530,1.0,1,1,4,0,0,0,0,0,0,0,0,0,0,0,0,0,0,0,0,0,0,0,1,0,0,0,0,1,0,0,0,0
871,133,500,0,70900,-61100,8,1,2,0,420,840,2940,5.0,1,4,2,0,1,0,0,0,0,0,0,0,0,1,0,0,0,0,0,0,0,0,0,1,0,0,1,0,0,1,0,0
99,239,1000,0,0,0,10,1,0,0,700,700,4200,1.0,0,3,1,0,0,0,0,1,0,0,0,0,0,0,0,0,0,0,1,0,0,0,0,0,0,1,1,0,0,1,0,0
372,129,2000,0,51500,0,7,1,1,3,13520,6760,54080,5.0,1,7,4,0,0,0,0,0,0,0,0,0,0,0,0,1,0,0,0,0,0,0,0,0,1,0,0,0,0,0,1,0
87,134,500,0,36400,0,2,1,2,1,11680,11680,40880,5.0,1,6,4,0,1,0,0,0,0,0,0,1,0,0,0,0,0,0,0,0,1,0,0,0,1,0,0,1,1,0,0,0
458,347,500,9000000,0,-12100,15,1,0,2,8630,17260,77670,5.0,1,6,4,1,0,0,0,0,0,0,0,0,1,0,0,0,0,0,0,0,0,1,0,0,1,0,0,1,0,0,1,0
330,129,1000,0,0,0,23,1,2,3,9920,4960,29760,5.0,0,5,3,0,0,0,0,0,0,0,1,0,0,0,0,0,0,0,1,0,0,0,0,0,1,0,0,1,1,0,0,0
214,142,2000,5000000,0,0,11,1,1,3,6780,13560,61020,1.0,1,4,4,1,0,0,0,1,0,0,0,0,0,0,0,0,0,0,0,0,0,0,1,0,1,0,0,1,0,0,1,0
466,126,2000,0,54500,0,2,3,0,1,10620,5310,42480,1.0,1,5,3,0,1,0,0,0,0,0,0,0,0,0,0,0,0,1,0,0,0,0,1,0,0,0,0,1,1,0,0,0
121,206,500,4000000,0,-53700,11,1,2,1,12760,12760,51040,5.0,1,6,3,0,0,0,0,0,0,0,0,1,0,0,0,0,0,0,0,1,0,0,0,0,1,0,0,0,0,0,0,0
614,131,2000,0,0,-65200,3,1,0,1,490,490,3920,1.0,0,6,2,0,0,0,0,0,0,0,0,0,0,0,0,1,0,0,0,0,0,0,1,1,0,0,1,0,0,0,0,1
20,460,1000,4000000,0,0,20,3,1,0,0,5240,41920,2.5,0,4,2,0,0,0,0,0,0,0,0,1,0,0,0,0,0,0,0,0,1,0,0,0,0,0,1,0,0,0,0,1
700,85,2000,9000000,0,0,1,2,2,1,14880,7440,52080,2.5,1,6,3,0,0,0,0,0,0,0,0,0,0,0,0,0,1,0,0,0,0,0,0,0,0,0,0,0,0,0,1,0
71,222,2000,0,37800,-50300,7,1,0,2,6810,6810,47670,1.0,1,6,4,0,0,1,0,0,0,0,0,0,0,0,0,0,0,0,1,0,0,0,0,0,1,0,0,0,0,0,1,0
106,464,1000,0,0,-56400,6,3,0,2,6650,19950,53200,5.0,1,2,3,0,1,0,0,0,0,0,0,0,0,1,0,0,0,0,0,0,0,0,0,0,0,0,1,0,0,0,0,1
270,369,2000,0,55400,0,6,3,2,0,17060,8530,59710,2.5,0,3,2,0,1,0,0,0,0,1,0,0,0,0,0,0,0,0,0,0,0,0,0,0,0,0,1,0,0,0,0,1
860,230,1000,0,0,-45300,13,3,1,2,10700,10700,37450,1.0,1,6,2,0,1,0,0,0,0,0,0,0,0,0,0,0,0,0,0,0,1,0,0,0,0,0,1,0,0,0,1,0
435,102,500,0,55200,0,6,1,1,0,7340,7340,58720,2.5,0,6,4,0,0,0,0,0,0,0,1,0,0,0,0,0,0,0,0,0,0,0,1,0,1,0,0,1,0,0,0,1
102,279,500,0,37300,-31700,16,3,2,3,0,3600,25200,2.5,1,4,2,0,0,0,0,0,0,0,0,0,0,1,0,0,0,0,0,0,0,0,0,0,0,0,0,0,1,0,0,0
